{
  "name": "Сигил лавы",
  "icon": "bloodmagic:lavasigil",
  "category": "bloodmagic:alchemy_array/sigil",
  "pages": [
    {
      "type": "text",
      "text": "Брат $(l:bloodmagic:alchemy_array/sigil/water)сигилу воды$(/l). Нажмите [$(k:use)] когда держите $(item)сигил лавы$() чтобы создать источник $(fire)лавы$() на земле за $(blood)1000 LP$(). Создается с помощью $(l:bloodmagic:alchemy_array/functional_arrays/arcane_ash)массива алхимии$(/l) используя $(item)реагент лавы$() и $(item)чистый лист,$() Отбирает у вас 5 сердец в случае если недостаточно LP в вашей $(l:bloodmagic:altar/soul_network)сети душ.$(/l)"
    },
    {
      "type": "crafting_2-step_sigil",
      "alchemy_table.heading": "Реагент лавы",
      "alchemy_table.recipe": "bloodmagic:alchemytable/reagent_lava",
      "array.heading": "Сигил лавы",
      "array.recipe": "bloodmagic:array/lavasigil",
      "array.text": "$(italic)ГОРЯЧО! НЕ ЕСТЬ$()"
    },
    {
      "type": "image",
      "images": [
        "bloodmagic:images/entries/sigil/lava_sigil1.png",
        "bloodmagic:images/entries/sigil/lava_sigil2.png"
      ],
      "title": "Массив сигила лавы",
      "border": true,
      "text": "Сигил лавы рядом с его массивом для крафта, а также его основное использование."
    },
    {
      "type": "crafting_alchemy_table",
      "heading": "Ведро с лавой",
      "recipe": "bloodmagic:alchemytable/sigil_lava_bucket",
      "text": "Более того, его можно использовать в $(l:bloodmagic:alchemy_table/alchemy_table)алхимическом столе$() чтобы автоматизировать производство $(fire)ведер с лавой$(). Сигил не израсходуется при крафте"
    }
  ]
}
