{
  "name": "Сигил магнетизма",
  "icon": "bloodmagic:sigilofmagnetism",
  "category": "bloodmagic:alchemy_array/sigil",
  "pages": [
    {
      "type": "text",
      "text": "Увеличивает дальность подбора предметов игроком до 7 блоков при активации. Включите/выключите, удерживая сигил в руке, а затем удерживая [$(k:sneak)] и нажимая [$(k:use)]. $(br2)Использует 50 $(blood)LP$() каждые 5 секунд, пока активен."
    },
    {
      "type": "crafting_2-step_sigil",
      "alchemy_table.heading": "Реагент магнетизма",
      "alchemy_table.recipe": "bloodmagic:alchemytable/reagent_magnetism",
      "array.heading": "Сигил магнетизма",
      "array.recipe": "bloodmagic:array/magnetismsigil"
    },
    {
      "type": "text",
      "flag": "mod:curios",
      "text": "Если у вас установлен $(thing)Curios API$() вы можете оборудовать этот $(item)сигил$() как амулет. Если вы хотите носить больше сигилов одновременно, рассмотрите возможность использования $(l:bloodmagic:alchemy_array/sigil/holding)сигила удержания$(), или $(l:bloodmagic:alchemy_array/living_equipment/armor_upgrades/curios_sockets)улучшение Разъём$() для вашей $(l:bloodmagic:alchemy_array/living_equipment/living_basics)живой брони$()."
    }
  ]
}