{
  "name": "Сигил телепозиции",
  "icon": "bloodmagic:telepositionsigil",
  "category": "bloodmagic:alchemy_array/sigil",
  "pages": [
    {
      "type": "patchouli:text",
      "text": "Телепортирует пользователя к привязанному телепозиционеру, тратя $(blood)1000 LP$() за использование. Если щелкнуть по телепозиционеру с сигилом в руках, можно записать его местоположение и размеры, что позволит быстро вернуться домой. $(br2)Только не сдвиньте случайно телепозиционер..."
    },
    {
      "type": "bloodmagic:crafting_2-step_sigil",
      "alchemy_table.heading": "Телепозиционный реагент",
      "alchemy_table.recipe": "bloodmagic:alchemytable/reagent_teleposition",
      "array.heading": "Сигил телепозиции",
      "array.recipe": "bloodmagic:array/telepositionsigil",
      "array.text": "$(italic)Теперь ты меня видишь...!$()"
    }
  ]
}
