{
    "neoforge:conditions": [
        {
            "type": "neoforge:mod_loaded",
            "modid": "environmental"
        }
    ],
    "entity": "environmental:duck",
    "name": {
        "translate": "entity.environmental.duck",
        "color": "#327035"
    },
    "sim_cost": 64,
    "input": {
        "item": "hostilenetworks:prediction_matrix"
    },
    "base_drop": {
        "id": "hostilenetworks:overworld_prediction"
    },
    "trivia": "custom.trivia.duck",
    "fabricator_drops": [
        {
            "id": "environmental:duck",
            "count": 32
        },
		{
            "id": "environmental:duck_egg",
            "count": 8
        },
		{
            "id": "minecraft:feather",
            "count": 24
        },
        {
            "optional": true,
            "id": "hexerei:animal_fat",
            "count": 8
        }
    ]
}