{
  "name": "Руна перемещения",
  "icon": "bloodmagic:dislocationrune",
  "category": "bloodmagic:altar/blood_rune",
  "pages": [
    {
      "type": "text",
      "text": "$(item)Руна перемещения$() увеличивает скорость потока $(blood)жизненной эссенции$() в алтарь и из него при перекачивании во внешний резервуар и из него."
    },
    {
      "type": "crafting",
      "recipe": "bloodmagic:blood_rune_displacement"
    }
  ]
}
