{
  "name": "Руна самопожертвования",
  "icon": "bloodmagic:selfsacrificerune",
  "category": "bloodmagic:altar/blood_rune",
  "pages": [
    {
      "type": "text",
      "text": "$(item)Руна самопожертвования$() увеличивает количество $(blood)крови$() накапливаемой в кровавый алтарь с помощью средств, использующих здоровье игрока. Каждая руна дает бонус +10% увеличения."
    },
    {
      "type": "crafting",
      "recipe": "bloodmagic:blood_rune_self_sacrifice"
    }
  ]
}
