{
  "name": "Гаджет копирования",
  "sortnum": 3,
  "category": "buildinggadgets2:gadgets",
  "icon": "buildinggadgets2:gadget_copy_paste[buildinggadgets2:forge_energy=1000000]",
  "pages": [
    {
      "type": "patchouli:text",
      "text": "Гаджет копировать-вставить значительно упрощает копирование структур! Для начала убедитесь, что Вы находитесь в режиме 'копирования' в меню настроек. $(br2)Нажмите ПКМ на одном углу структуры, а затем Shift-ПКМ на противоположном углу. Если всё сделано правильно, структуру выделится зелёным контуром."
    },
    {
      "type": "patchouli:image",
      "title": "Копирование",
      "images": [
        "buildinggadgets2:textures/book/images/copy.png"
      ],
      "border": true,
      "text": "Копирование структуры"
    },
    {
      "type": "patchouli:text",
      "text": "Переключите гаджет в режим 'Вставить', и Вы увидите отрисовку скопированной структуры. Блок, на который Вы нажали ПКМ при копировании, является начальной точкой структуры. $(br2)Чтобы разместить структуру в мире, просто нажмите ПКМ! Все необходимые для постройки предметы будут изъяты из Вашего инвентаря, а блоки, для которых у Вас нет предметов, будут пропущены."
    },
    {
      "type": "patchouli:image",
      "title": "Вставка",
      "images": [
        "buildinggadgets2:textures/book/images/paste.png"
      ],
      "border": true,
      "text": "Вставка структуры"
    },
    {
      "type": "patchouli:text",
      "text": "Чтобы увидеть список необходимых предметов, откройте меню настроек и выберите опцию 'список материалов'. $(br2)Это прокручиваемый список, показывающий, какие предметы у Вас есть или отсутствуют, и его можно сортировать разными способами. Попробуйте!"
    },
    {
      "type": "patchouli:image",
      "title": "Список материалов",
      "images": [
        "buildinggadgets2:textures/book/images/materiallist.png"
      ],
      "border": true,
      "text": "Необходимые предметы"
    },
    {
      "type": "patchouli:text",
      "text": "Можно точно настроить область копирования, открыв окно настройки размещения в меню настроек.$(br2)Здесь Вы можете настроить положение начального и конечного блоков. Нажимайте кнопки плюс и минус, чтобы видеть изменения зелёного контура в реальном времени.$(br2)Вы также можете переключиться в режим координат 'Абсолютный' и вводить игровые мировые координаты."
    },
    {
      "type": "patchouli:image",
      "title": "Настройка копирования",
      "images": [
        "buildinggadgets2:textures/book/images/copy_adjustment.png"
      ],
      "border": true,
      "text": "Изменение области копирования"
    },
    {
      "type": "patchouli:text",
      "text": "Для режима вставки есть похожая опция. $(br2)В этом интерфейсе вы будете настраивать местоположение начального блока. Нажимайте кнопки, и отрисовка в мире должна обновляться в реальном времени."
    },
    {
      "type": "patchouli:image",
      "title": "Настройка вставки",
      "images": [
        "buildinggadgets2:textures/book/images/paste_adjustment.png"
      ],
      "border": true,
      "text": "Изменение местоположения вставки"
    }
  ]
}