{
  "name": "Гаджет вырезания",
  "sortnum": 4,
  "category": "buildinggadgets2:gadgets",
  "icon": "buildinggadgets2:gadget_cut_paste[buildinggadgets2:forge_energy=5000000]",
  "pages": [
    {
      "type": "patchouli:text",
      "text": "Гаджет вырезать-вставить позволяет с лёгкостью перемещать структуры и работает так же, как и $(l:buildinggadgets2:copypaste)Гаджет копировать-вставить$(/l)! Для начала убедитесь, что Вы находитесь в режиме 'вырезания' в меню настроек. $(br2)Нажмите ПКМ на одном углу структуры, а затем, удерживая Shift, нажмите ПКМ на противоположном углу. Если всё сделано правильно, красная рамка выделит Вашу структуру."
    },
    {
      "type": "patchouli:image",
      "title": "Вырезание",
      "images": [
        "buildinggadgets2:textures/book/images/cut.png"
      ],
      "border": true,
      "text": "Вырезание структуры"
    },
    {
      "type": "patchouli:text",
      "text": "Структура не будет удалена, пока Вы не нажмёте кнопку 'вырезать' в меню настроек. $(br2)Переключите гаджет в режим 'вставки', и Вы увидите отрисовку скопированной структуры. $(br2)Чтобы разместить структуру в мире, просто нажмите ПКМ! Для этого не нужны предметы, так как используются блоки, которые Вы удалили ранее."
    },
    {
      "type": "patchouli:image",
      "title": "Вставка",
      "images": [
        "buildinggadgets2:textures/book/images/paste.png"
      ],
      "border": true,
      "text": "Визуализация вставки"
    },
    {
      "type": "patchouli:text",
      "text": "Вы можете хранить только одну структуру в гаджете за раз. Её размещение в мире сотрёт сохранённую информацию в гаджете.$(br2)Будьте осторожны при вставке структуры, у Вас есть только одна попытка, рекомендуется использовать $(l:buildinggadgets2:mech_pastereplace)функцию замены$(/l)! $(br2)Если Вы попытаетесь вырезать новую область, когда данные уже существуют, Вам будет предложено подтвердить действие. Если Вы это сделаете, первый набор данных будет утерян навсегда!"
    },
    {
      "type": "patchouli:text",
      "text": "Все данные блоков-сущностей будут перемещены вместе со структурой, включая содержимое сундуков и конфигурации блоков. $(br2)Так же, как и в $(l:buildinggadgets2:copypaste)Гаджете копировать-вставить$(/l), Вы можете изменить позиции вырезания или вставки с помощью соответствующей опции в меню настроек. Подробности смотрите в той главе!"
    }
  ]
}