{
  "name": "Гаджет разрушения",
  "sortnum": 5,
  "category": "buildinggadgets2:gadgets",
  "icon": "buildinggadgets2:gadget_destruction[buildinggadgets2:forge_energy=2000000]",
  "pages": [
    {
      "type": "patchouli:text",
      "text": "Гаджет разрушения позволяет очень легко очищать большие области. Все удалённые блоки будут $(bold)уничтожены!$(clear).$(br2)Сначала откройте меню настроек и отрегулируйте область. Эта область указывается относительно блока (и грани блока), на который Вы смотрите.$(br2)Если Вы смотрите на верхнюю грань блока, направление 'вверх' будет относительным к экрану игрока."
    },
    {
      "type": "patchouli:image",
      "title": "Гаджет разрушения",
      "images": [
        "buildinggadgets2:textures/book/images/destruction1.png",
        "buildinggadgets2:textures/book/images/destruction2.png"
      ],
      "border": true,
      "text": "Уничтожение области, нажмите на стрелку, чтобы увидеть разные изображения!"
    },
    {
      "type": "patchouli:text",
      "text": "Когда Вы будете удовлетворены настройками, нажмите ПКМ на блок, чтобы уничтожить все подсвеченные блоки. Они будут удалены из мира. $(br2)Вы можете отменить это действие, если допустили ошибку. При отмене предметы не будут изыматься из Вашего инвентаря, так как гаджет просто возвращает уничтоженные блоки в мир."
    }
  ]
}