{
  "name": "Гаджет обмена",
  "sortnum": 2,
  "category": "buildinggadgets2:gadgets",
  "icon": "buildinggadgets2:gadget_exchanging[buildinggadgets2:forge_energy=500000]",
  "pages": [
    {
      "type": "patchouli:text",
      "text": "Гаджет замены может менять один набор блоков на другой! Однако он не может заменять блоки воздуха. Используйте для этого $(l:buildinggadgets2:buildinggadget)Строительный гаджет$(/l)! $(br2)Во-первых, убедитесь, что у гаджета есть энергия. $(br2)Во-вторых, удерживая Shift, нажмите ПКМ по блоку в мире, чтобы указать, на какой блок производить замену."
    },
    {
      "type": "patchouli:text",
      "text": "Вы можете выбрать свой $(l:buildinggadgets2:modes)Режим замены$(/l), удерживая клавишу настроек. Каждый режим описан в соответствующем разделе этой книги. Режим по умолчанию — $(l:buildinggadgets2:mode_surface)Поверхность$(/l). $(br2)Когда Вы смотрите на блок в мире, Вы увидите отрисовку блоков, которые будут размещены поверх существующих. Если у Вас недостаточно нужных предметов или энергии для размещения этих блоков, они будут иметь красное наложение. Нажмите ПКМ, чтобы произвести замену блоков, как показано."
    },
    {
      "type": "patchouli:image",
      "title": "Замена",
      "images": [
        "buildinggadgets2:textures/book/images/ghost_render_exchange.png"
      ],
      "border": true,
      "text": "Визуализация того, что будет заменено"
    },
    {
      "type": "patchouli:text",
      "text": "Когда Вы нажмёте ПКМ, начнётся замена. Предметы будут извлекаться из Вашего инвентаря для размещения в мире, а любые блоки, для которых у Вас нет необходимого предмета, будут пропущены. $(br2)Предметы, соответствующие удалённым блокам, будут возвращены Вам. $(br2)Примечание: Вы можете зачаровать этот инструмент на «Шёлковое касание». Без него трава будет возвращать землю и т.д."
    },
    {
      "type": "patchouli:text",
      "text": "Вы можете $(l:buildinggadgets2:mech_undo)отменить$(/l) действие гаджета замены, но у Вас должны быть необходимые предметы.$(br2)Например, если Вы заменили траву на каменные кирпичи, у Вас должна быть трава в инвентаре, чтобы отменить эту замену. Не забудьте применить «Шёлковое касание», если это нужно!"
    }
  ]
}