{
  "name": "Трассировка жидкостей",
  "sortnum": 1,
  "category": "buildinggadgets2:mechanics",
  "icon": "buildinggadgets2:textures/book/icons/raytrace_fluid.png",
  "pages": [
    {
      "type": "patchouli:text",
      "text": "Функция «Трассировка жидкостей» позволяет гаджетам взаимодействовать с жидкостями. Когда она включена, обменники могут заменять жидкости, а строители — строить поверх жидкостей. $(br2)Когда функция выключена, эти гаджеты будут игнорировать жидкости и строить на блоках за ними.$(br2)Подробнее смотрите в главе «$(l:buildinggadgets2:mech_fluidhandling)Работа с жидкостями$(/l)»."
    },
    {
      "type": "patchouli:image",
      "title": "Трассировка жидкостей",
      "images": [
        "buildinggadgets2:textures/book/images/raytracefluids.png"
      ],
      "border": true,
      "text": "Воздействие на жидкости!"
    }
  ]
}