{
  "name": "Менеджер шаблонов",
  "sortnum": 1,
  "category": "buildinggadgets2:templates",
  "icon": "buildinggadgets2:template_manager",
  "pages": [
    {
      "type": "patchouli:text",
      "text": "Менеджер шаблонов позволяет сохранять Ваши любимые структуры из $(l:buildinggadgets2:copypaste)Гаджета копировать-вставить$(/l)! $(br2)С помощью этого блока Вы можете сохранять структуры в Вашем мире или даже делиться ими за его пределами!$(br2)Чтобы начать, поместите гаджет копировать-вставить в верхний слот, а лист бумаги — в нижний."
    },
    {
      "type": "patchouli:image",
      "title": "Менеджер шаблонов",
      "images": [
        "buildinggadgets2:textures/book/images/templatemanager1.png"
      ],
      "border": true,
      "text": "Шаг 1"
    },
    {
      "type": "patchouli:text",
      "text": "Нажмите «Сохранить», чтобы преобразовать бумагу в шаблон. На Вашем экране появится изображение структуры.$(br2)Вы можете перемещать и вращать изображение кнопками мыши или масштабировать колёсиком мыши. $(br2)Чтобы скопировать структуру из шаблона обратно в гаджет, нажмите кнопку «Загрузить»."
    },
    {
      "type": "patchouli:image",
      "title": "Привязка инвентаря",
      "images": [
        "buildinggadgets2:textures/book/images/templatemanager2.png"
      ],
      "border": true,
      "text": "Крутая визуализация — это круто"
    },
    {
      "type": "patchouli:text",
      "text": "Нажмите кнопку «Визуализировать», чтобы переключить её в режим материалов, который покажет список необходимых материалов для этой структуры, почти так же, как это делает список материалов.$(br2)Нажмите кнопку материалов, чтобы переключиться обратно в режим визуализации."
    },
    {
      "type": "patchouli:image",
      "title": "Список материалов",
      "images": [
        "buildinggadgets2:textures/book/images/templatemanager3.png"
      ],
      "border": true,
      "text": "Так много предметов"
    },
    {
      "type": "patchouli:text",
      "text": "Шаблонам можно давать имена. Имя будет отображаться на предмете шаблона.$(br2)Нажатие «Копировать» создаст JSON-строку и поместит её в буфер обмена Вашего компьютера. Вы можете поделиться ею с друзьями вне Minecraft. Если они скопируют эту же строку в свой буфер обмена и нажмут кнопку «Вставить» в этом интерфейсе, это воссоздаст Вашу структуру для них!$(br2)Убедитесь, что в нижнем слоте есть бумага, когда Вы нажимаете «Вставить»."
    },
    {
      "type": "patchouli:image",
      "title": "Именование",
      "images": [
        "buildinggadgets2:textures/book/images/templatemanager4.png"
      ],
      "border": true,
      "text": "Это и правда хороший дом."
    }
  ]
}