{
  "name": "Зельеварение",
  "icon": "bloodmagic:alchemy_flask",
  "category": "bloodmagic:alchemy_table",
  "pages": [
    {
      "type": "patchouli:text",
      "text": "Основы $(thing)зельеварения$() известны всем и каждому. Даже обычные клирики и ведьмы хорошо знают основы зельеварения - взять горсть редких ингредиентов, смешать их в нужных пропорциях и употребить (при необходимости зажав нос), либо бросить во врага."
    },
    {
      "type": "patchouli:text",
      "text": "Однако добавление $(blood)эссенции жизни$() и некоторых откровенно гениальных приемов сангвимансии позволило вам ускорить этот процесс. $(br2)Наполнив обычные $(item)стеклянные бутылки$() своей энергией, вы можете вместить в них гораздо больше, чем один глоток жизни, а с помощью различных $(item)катализаторов$() вы научились объединять несколько эффектов в одной колбе, не смешивая их и не уничтожая."
    },
    {
      "type": "bloodmagic:crafting_altar",
      "heading": "Колба для алхимии",
      "recipe": "bloodmagic:altar/alchemy_flask",
      "text": "Прочная фляга, которая намного вместительнее любой маленькой бутылки!"
    },
    {
      "type": "patchouli:text",
      "text": "Конечно, бутылка, какой бы совершенной она ни была, практически бесполезна без того, чем ее можно наполнить. $(br2)Наряду с обычными хорошо известными $(thing)эффектами$(), такими как $(l:bloodmagic:alchemy_table/potion_flasks/vanilla/water_breathing)Подводное дыхание$(), $(l:bloodmagic:alchemy_table/potion_flasks/vanilla/regeneration)Регенерация$(), или $(l:bloodmagic:alchemy_table/potion_flasks/vanilla/night_vision)Ночное видение$(), мы также усовершенствовали ряд других, более специализированных рецептов, таких как $(l:bloodmagic:alchemy_table/potion_flasks/blood_magic/flight)Полет$(), $(l:bloodmagic:alchemy_table/potion_flasks/blood_magic/obsidian_cloak)Обсидиановый плащ$(), или даже $(l:bloodmagic:alchemy_table/potion_flasks/blood_magic/passive)Пассивность$(). Эти и многие другие зелья описаны далее в книге."
    },
    {
      "type": "patchouli:crafting",
      "recipe": "bloodmagic:alchemy_flask",
      "text": "После использования любой колбы для алхимии достаточно вымыть ее и наполнить водой, чтобы получить новую свежую колбу, готовую к использованию."
    },
    {
      "type": "patchouli:text",
      "text": "Колбы также имеют свои эквиваленты $(thing)Взрывного$() и $(thing)Туманного$() зелья, см. на обороте. $(br2)$(thing)Туманное зелье$() можно соединить с 8 $(l:bloodmagic:demon_will/demonic_items/throwing_daggers#amethyst_throwing_dagger)аметистовыми метательными кинжалами$() в $(item)Камере алхимических реакций$() чтобы получить $(item)аметистовые метательные кинжалы с наконечником$(). Любое существо, пораженное одним из этих кинжалов, получит эффект зелья."
    },
    {
      "type": "bloodmagic:2x_crafting_flask",
      "a.heading": "Взрывная колба для алхимии",
      "a.recipe": "bloodmagic:flask/flask_splash",
      "b.heading": "Туманная колба для алхимии",
      "b.recipe": "bloodmagic:flask/flask_lingering"
    },
    {
      "type": "patchouli:text",
      "text": "Возможно, вы помните, упоминание о возможности создания нескольких $(thing)эффектов$() в одной $(item)колбе$().  счастью, этот процесс проще некуда. Просто сварите зелье и используйте полученную колбу вместо пустой колбы при второй варке. Например, если вы сделали зелье $(l:bloodmagic:alchemy_table/potion_flasks/blood_magic/bounce)Отскока$(), затем взяли эту колбу и использовали ее в качестве ингредиента в зелье $(l:bloodmagic:alchemy_table/potion_flasks/vanilla/night_vision)Ночного зрения$(), то в итоге вы получите 8-ми дозовую колбу, которая с каждым глотком дает вам эффект $(l:bloodmagic:alchemy_table/potion_flasks/blood_magic/bounce)Отскока$() и $(l:bloodmagic:alchemy_table/potion_flasks/vanilla/night_vision)Ночного зрения$()"
    },
    {
      "type": "patchouli:text",
      "text": "Далее у нас есть $(item)Катализаторы$(). Существует несколько видов катализаторов с разными эффектами, поэтому начнем с трех самых простых - $(item)Простой катализатор$(), $(item)Катализатор малой силы$(), и $(item)Катализатор малого удлинения$(). Первый из них наиболее прост - он служит основой практически для всех алхимических зелий, подобно тому как $(item)адский нарост$() служит основой для стандартных зелий."
    },
    {
      "type": "bloodmagic:crafting_alchemy_table",
      "heading": "Простой катализатор",
      "recipe": "bloodmagic:alchemytable/simple_catalyst",
      "text": "Хорошая основа практически для любого эффекта. Запасайтесь, их понадобится много."
    },
    {
      "type": "bloodmagic:crafting_alchemy_table",
      "heading": "Катализатор малой силы",
      "recipe": "bloodmagic:alchemytable/mundane_power",
      "text": "Катализаторы силы увеличивают силу самого верхнего эффекта в колбе, уменьшая при этом его продолжительность. Это аналог $(item)светопыли$() в стандартных зельях. IЕсли последний примененный эффект не может принять катализатор, он попытается усилить второй по силе эффект, и так далее."
    },
    {
      "type": "bloodmagic:crafting_alchemy_table",
      "heading": "Катализатор малого удлинения",
      "recipe": "bloodmagic:alchemytable/mundane_lengthening",
      "text": "Катализаторы удлинения увеличивают длительность самого верхнего эффекта в колбе. Это аналог $(item)редстоуна$() в более стандартных зельях. Если последний примененный эффект не сможет принять катализатор, он попытается усилить второй по длительности эффект, и так далее."
    },
    {
      "type": "bloodmagic:crafting_alchemy_table",
      "heading": "Комбинированный катализатор",
      "recipe": "bloodmagic:alchemytable/combinational",
      "text": "$(item)Комбинированные катализаторы$() - это более узкая специализация: они берут два определенных эффекта и синтезируют из них третий, родственный эффект. Например, при варке зелья $(l:bloodmagic:alchemy_table/potion_flasks/blood_magic/suspended)Зависания$() и зелья $(l:bloodmagic:alchemy_table/potion_flasks/vanilla/levitation)Левитации$() с этим катализатором получится зелье $(l:bloodmagic:alchemy_table/potion_flasks/blood_magic/flight)Полета$()."
    },
    {
      "type": "bloodmagic:crafting_alchemy_table",
      "heading": "Слабый наполнитель",
      "recipe": "bloodmagic:alchemytable/weak_filling",
      "text": "Наполнители могут использоваться для обновления содержимого колбы, но при этом теряются некоторые эффекты - слабый наполнитель может сохранить только самый верхний эффект в колбе. Если вы хотите сохранить другой эффект, воспользуйтесь $(item)Простым катализатором цикла$()."
    },
    {
      "type": "bloodmagic:crafting_alchemy_table",
      "heading": "Простой катализатор цикла",
      "recipe": "bloodmagic:alchemytable/cycling_catalyst",
      "text": "Катализатор цикла может быть использован для изменения порядка следования эффектов в колбе и, таким образом, для определения эффекта, который будет изменен другим катализатором или наполнителем."
    },
    {
      "type": "patchouli:text",
      "title": "Зельеварение 201",
      "anchor": "average_potions",
      "text": "Если зелий, которые вы изготовили до сих пор, вам недостаточно, то, возможно, вам нужно немного исследовать местность? Взяв немного $(item)светящихся ягод$(), немного $(item)дроблённого сланца$() и посыпав $(l:bloodmagic:dungeons/demonite)адской пылью$(), вы сможете значительно увеличить продолжительность действия и силу своих колб."
    },
    {
      "type": "bloodmagic:crafting_alchemy_table",
      "heading": "Усиленный катализатор",
      "recipe": "bloodmagic:alchemytable/strengthened_catalyst",
      "text": "Более мощная база для более мощных катализаторов."
    },
    {
      "type": "bloodmagic:crafting_alchemy_table",
      "heading": "Стандартное удлинение",
      "recipe": "bloodmagic:alchemytable/average_lengthening",
      "text": "Катализатор стандартного удлинения увеличит продолжительность самого верхнего эффекта с 3:00 до 21:20. Умножьте это на 8 доз в каждой колбе, и вы получите чертовски много времени!"
    },
    {
      "type": "bloodmagic:crafting_alchemy_table",
      "heading": "Стандартный катализатор силы",
      "recipe": "bloodmagic:alchemytable/average_power",
      "text": "Стандартный катализатор силы - это усовершенствованная версия катализатора малой силы, позволяющая получать в колбе эффекты зелий вплоть до третьего уровня, при этом длительность действия одной дозы сокращается до 45 секунд."
    }
  ]
}
