{
    "neoforge:conditions": [
        {
            "type": "neoforge:mod_loaded",
            "modid": "cataclysm"
		}
    ],
    "entity": "cataclysm:ignis",
    "name": {
        "translate": "entity.cataclysm.ignis",
        "color": "#945B00"
    },
	"display": {
        "scale": 0.3
    },
    "sim_cost": 2560,
    "input": {
        "item": "hostilenetworks:prediction_matrix"
    },
    "base_drop": {
        "id": "hostilenetworks:nether_prediction"
    },
    "trivia": "custom.trivia.ignis",
    "fabricator_drops": [
		{
            "id": "cataclysm:ignitium_ingot",
            "count": 8
        }
    ],
    "tier_data": {
        "basic": 128,
        "advanced": 1024,
        "superior": 4096,
        "self_aware": 16384
    },
    "data_per_kill": {
        "faulty": 128,
        "basic": 512,
        "advanced": 1024,
        "superior": 2048
    }
}