{
    "neoforge:conditions": [
        {
            "type": "neoforge:mod_loaded",
            "modid": "more_useful_copper"
        }
    ],
    "entity": "more_useful_copper:copper_golem",
    "name": {
        "translate": "entity.more_useful_copper.copper_golem",
        "color": "#8A4F42"
    },
    "sim_cost": 256,
    "input": {
        "item": "hostilenetworks:prediction_matrix"
    },
    "base_drop": {
        "id": "hostilenetworks:overworld_prediction"
    },
	"trivia": "custom.trivia.copper_golem",
    "fabricator_drops": [
        {
            "id": "minecraft:copper_ingot",
            "count": 16
        }
    ]
}