{
  "name": "Алтарь благовоний",
  "icon": "bloodmagic:incensealtar",
  "category": "bloodmagic:utility",
  "pages": [
    {
      "type": "text",
      "text": "$(item)Алтарь благовоний$() представляет собой многоблочную структуру, которая может быть использована для повышения вашего самопожертвования в $(l:bloodmagic:altar/blood_altar)кровавый алтарь$(). Стоя рядом с установленным $(item)алтарем благовоний$() успокоится ваша душа, в зависимости от общего количества области $(thing)спокойствия$(), позволяет значительно увеличить добычу $(blood)LP$() ."
    },
    {
      "type": "crafting",
      "recipe": "bloodmagic:incense_altar"
    },
    {
      "type": "text",
      "text": "Базовый $(item)алтарь благовоний$() первого уровня — это сам алтарь; поместите его в любом месте (вы можете установить блочную платформу 3x3, позже это будет полезно) и оставайтесь в радиусе 5 блоков от алтаря. $(br)Пока Алтарь работает, он испускает частицы пламени с его вершины и трансформирует ваш $(l:bloodmagic:altar/blood_altar#knife)жертвенный нож$(). Как только ваш нож начнет сиять, нажатие правоё кнопки мыши рядом с $(l:bloodmagic:altar/blood_altar)кровавым алтарем$() пожертвует 90% вашего здоровья за раз."
    },
    {
      "type": "image",
      "images": [
        "bloodmagic:images/entries/utility/incense_altar1.png"
      ],
      "title": "Базовая настройка",
      "border": true,
      "text": "Простая настройка, показывающая 3x3 квадрат блоков до блоков пути."
    },
    {
      "type": "text",
      "text": "Более того, в зависимости от общего $(thing)спокойствия$() в области вы получите бонус к $(blood)LP$() в $(l:bloodmagic:altar/blood_altar)кровавом алтаре$(). При наведении курсора на $(item)алтарь благовоний$() с a $(l:bloodmagic:alchemy_array/sigil/divination)сигилом прорицания$(/l) или с $(l:bloodmagic:alchemy_array/sigil/seer)сигилом провидца$() отобразит общую сумму $(thing)спокойствия$() установки (верхнее число) и процент бонуса, полученного при жертвоприношении (нижнее число). При жертвоприношении, он возьмет $(blood)LP$(), которую вы обычно получили бы, и умножит ее на (1 + бонус/100)."
    },
    {
      "type": "image",
      "images": [
        "bloodmagic:images/entries/utility/incense_altar2.png"
      ],
      "title": "Интерфейс алтаря",
      "border": true,
      "text": "Интерфейс в углу экрана, по умолчанию в верхнем левом углу, показывает бонус саможертвования +20%."
    },
    {
      "type": "text",
      "text": "\"Ниужели я могу увеличить этот бонус?\" Можно увеличить $(thing)спокойствие$() в окружающей области!... Но это может быть немного неоднозначно. $(br2)Чтобы увеличить $(thing)спокойствие$() в области, необходимо расположить тропинки, ведущие из вашего $(item)алтаря благовоний$(). Эти тропинки должны быть построены из набора из трех блоков $(item)тропинок$(), например $(item)деревянная тропинка$(), идущая от конструкции 3х3 во все четыре направления."
    },
    {
      "type": "crafting",
      "recipe": "bloodmagic:path/path_wood",
      "recipe2": "bloodmagic:path/path_woodtile"
    },
    {
      "type": "crafting",
      "recipe": "bloodmagic:path/path_stone",
      "recipe2": "bloodmagic:path/path_stonetile"
    },
    {
      "type": "crafting",
      "recipe": "bloodmagic:path/path_wornstone",
      "recipe2": "bloodmagic:path/path_wornstonetile"
    },
    {
      "type": "text",
      "text": "Каждое новое кольцо из блоков тропинок следует определенным правилам: $(li)Все блоки тропинок на одном кольце должны находиться на одном уровне y.$(li)Следующее кольцо блоков тропинок не может быть более чем на 5 блоков выше/ниже предыдущего кольца.$(li)Блоки, находящиеся на том же уровне или до двух блоков выше кольца блоков тропинок, учитываются в общем $(thing)спокоствии$() - они обозначены стеклянными блоками на картинке."
    },
    {
      "type": "image",
      "images": [
        "bloodmagic:images/entries/utility/incense_altar.png"
      ],
      "title": "Алтарь благовоний",
      "border": true,
      "text": "Алтарь благовоний с разными ориентациями путей."
    },
    {
      "type": "text",
      "text": "Кроме того: $(li)Эффективность каждого типа тропинки действует только на определенное расстояние: деревянные тропинки могут простираться только на три кольца от центра, каменные тропинки до пяти, каменные тропинки до семи колец, а обсидиановые - до девяти. $(br) Очевидно, что не каждый тип блока будет учитываться при определении уровня $(thing)спокойсвия$(). Не просто какой-то булыжник подойдет, нет! Нам нужны сельскохозяйственные культуры, земля, и даже... лава?"
    },
    {
      "type": "text",
      "text": "Для общего уровня $(thing)спокойствия$() в окружающей среде учитываются несколько категорий блоков. В произвольном порядке они включают: растения, культуры, деревья, землю, воду, огонь и лаву. $(item)Алтарь благовоний$() рассматривает все блоки, находящиеся в его зоне действия (определяемой путевыми блоками) и подсчитывает общий уровень $(thing)спокойствия$() каждого типа. После этого он рассчитывает общий уровень $(thing)спокойствия$(), извлекая квадратный корень из"
    },
    {
      "type": "text",
      "text": "$(thing)спокойствия$() каждого типа, а затем складывает их это означает, что для настройки в более поздней стадии игры лучше иметь много разных типов $(thing)спокойствия$(). Хотя другие моды могут добавлять свои собственные типы, и позже будут добавлены еще больше. Блоки, которые вносят свой вклад в $(thing)спокойствие$(): лава, вода (включая блоки, насыщенные водой), жизненная эссенция, незерак, земля, пашня, картофель, морковь, пшеница, незерский нарост, свекла, листва, бревна, огонь и дёрн."
    },
    {
      "type": "image",
      "images": [
        "bloodmagic:images/entries/utility/incense_altar3.png"
      ],
      "title": "Установка алтаря благовоний",
      "border": true,
      "text": "Позднее игровое расположение Алтаря благовоний с множеством разных уровней."
    },
    {
      "type": "text",
      "text": "Конечно, вы можете настроить свою конструкцию так, как захотите - с более крутыми или пологими склонами. Важно отметить, что бонус $(thing)спокойствие$() ограничен размером вашего алтаря (и, следовательно, уровнем тропинок, которые вы используете). Лимиты составляют: $(li)Без тропинок: 20%. $(li)Деревянные: 60%. $(li)Каменные: 120%. $(li)Изношенные каменные: 200%. $(li)Обсидиановые: 300%. (К сожалению, обсидиан пока не работает)"
    },
    {
      "type": "image",
      "images": [
        "bloodmagic:images/entries/utility/incense_altar4.png"
      ],
      "title": "Установка алтаря благовоний",
      "border": true,
      "text": "Очень простой вариант постройки $(item)алтаря благовоний$(). Обратите внимание на (необязательное) смешивание разных блоков."
    }
  ]
}
