{
  "name": "Кристалл лавы",
  "icon": "bloodmagic:lavacrystal",
  "category": "bloodmagic:utility",
  "pages": [
    {
      "type": "text",
      "text": "$(item)Кристалл лавы$() это источник большого тепла. Благодаря использованию $(fire)лавы$() при его создании и мощи вашей $(l:bloodmagic:altar/soul_network)сети душ$(), вы уверены, что он никогда не остынет.$(br2) Нажатие [$(k:use)] при взгляде на любой блок в мире поджигает его за счет 100 LP."
    },
    {
      "type": "crafting",
      "recipe": "bloodmagic:lava_crystal",
      "text": "$(br)Дополнительно, если поставить его в слот топлива $(item)печи$(), он будет действовать как бесконечный источник $(thing)топлива$(), потребляя 50LP на 10 секунд горения, достаточно для плавки одного предмета."
    }
  ]
}
