{
  "name": "телепозиционеры",
  "icon": "bloodmagic:teleposerfocus",
  "category": "bloodmagic:utility",
  "pages": [
    {
      "type": "patchouli:text",
      "text": "$(item)Телепозиционеры$() позволяют совершать телепортацию, $(fire)управляемую редстоуном$(). Просто создайте $(item)Телепозиционный фокус$() (на обороте), привяжите его к целевому телепозиционеру, поместите его в другой телепозиционер и подайте сигнал красного камня на телепозиционер с фокусом в нем. Все что находится в определенной области над двумя телепозиционерами - блоки, предметы, сущности, игроки - поменяется местами."
    },
    {
      "type": "patchouli:crafting",
      "recipe": "bloodmagic:teleposer",
      "text":"Однако ничто не дается бесплатно: транспортировка блоков или сущностей с помощью телепорта будет стоить $(blood)1 LP$() за каждые два пройденных блока, максимум $(blood)1,000 LP$() за блок/сущность, или $(blood)10,000 LP$() в сумме."
    },
    {
      "type": "bloodmagic:crafting_altar",
      "heading": "Телепозиционный фокус",
      "recipe": "bloodmagic:altar/teleposer_focus",
      "text": "Базовая функция $(item)Телепозиционного фокуса$() поменяет местами все, что находится в области 1x1x1 блока над двумя телепозиционерами."
    },
    {
      "type": "bloodmagic:crafting_altar",
      "heading": "Улучшенный фокус",
      "recipe": "bloodmagic:altar/enhanced_teleposer_focus",
      "text": "$(item)Улучшенный телепозиционный фокус$() оменяет местами все, что находится в области блоков 3x3x3, расположенной непосредственно над двумя телепозиционерами."
    },
    {
      "type": "patchouli:crafting",
      "recipe": "bloodmagic:enhanced_teleposer_focus",
      "text": "$(item)Усиленный телепозиционный фокус$() поменяет местами все, что находится в области блока 5x5x5, расположенного непосредственно над двумя телепозиционерами."
    },
    {
      "type": "patchouli:text",
      "text": "Телепозиционеры могут быть связаны между собой односторонне (когда сигнал редстоуна не действует на выходящем телепозиционере), двусторонне (когда в каждом телепозиционере есть фокус, связывающий его с другим телепозиционером, что позволяет телепортироваться туда и обратно по сигналу красного камня с любого конца) или даже цепочкой - A - B - C и обратно в A. От лифтовых систем, перемещающихся по базе, до сложных подземных лабринтинов - просто с ума сойти!"
    },
    {
      "type": "patchouli:text",
      "text": "Если у вас возникли трудности с работой телепозиционера, убедитесь, что он мощно запитан $(thing)редстоуном$(). Это означает, что поместив рядом с ним блок красного камня, вы не сможете обеспечить его энергией - вам понадобится пыль красного камня или ретранслятор, направленный в бок телепозиционера, или рычаг/кнопка прямо на нем. Все-таки эссенция жизни не бесплатна, поэтому телепозиционер спроектирован так, чтобы свести к минимуму случайные осечки. Более подробную информацию о сильной и слабой мощности красного камня можно найти на $(l:https://minecraft.fandom.com/wiki/Redstone_mechanics?oldid=2127827#Powered_vs._activated)the Minecraft Wiki.$() "
    }
  ]
}
