{
  "name": "Притупленный клинок",
  "icon": "minecraft:stone_sword",
  "category": "bloodmagic:alchemy_array/living_equipment/armor_downgrades",
  "pages": [
    {
      "type": "patchouli:text",
      "text": "Снижает урон, наносимый в ближнем бою. Максимальное снижение - 80%.."
    },
    {
      "type": "bloodmagic:living_armour_downgrade",
      "a.recipe": "bloodmagic:downgrade/melee_decrease",
      "b.upgrade": "bloodmagic:melee_decrease"
    }
  ]
}