{
  "name": "Бетонная обувь",
  "icon": "minecraft:water_bucket",
  "category": "bloodmagic:alchemy_array/living_equipment/armor_downgrades",
  "pages": [
    {
      "type": "patchouli:text",
      "text": "Значительно снижает скорость плавания. Максимальное снижение - 80%."
    },
    {
      "type": "bloodmagic:living_armour_downgrade",
      "a.recipe": "bloodmagic:downgrade/swim_decrease",
      "b.upgrade": "bloodmagic:swim_decrease"
    }
  ]
}