{
    "neoforge:conditions": [
        {
            "type": "neoforge:mod_loaded",
            "modid": "aquatic_frontiers"
        }
    ],
    "entity": "aquatic_frontiers:giantsquid",
    "name": {
        "translate": "entity.aquatic_frontiers.giantsquid",
        "color": "#121529"
    },
    "display": {
        "scale": 0.37
    },
    "sim_cost": 48,
    "input": {
        "item": "hostilenetworks:prediction_matrix"
    },
    "base_drop": {
        "id": "hostilenetworks:overworld_prediction"
    },
    "trivia": "custom.trivia.giant_squid_aquatic",
    "fabricator_drops": [
        {
            "id": "minecraft:ink_sac",
            "count": 48
        },
        {
            "id": "minecraft:cod",
            "count": 12
        },
        {
            "optional": true,
            "id": "croptopia:calamari",
            "count": 48
        },
        {
            "optional": true,
            "id": "reliquary:squid_beak",
            "count": 4
        }
    ]
}