{
    "neoforge:conditions": [
        {
            "type": "neoforge:mod_loaded",
            "modid": "eternal_starlight"
        }
    ],
    "entity": "eternal_starlight:aethersent_golem",
    "name": {
        "translate": "entity.eternal_starlight.aethersent_golem",
        "color": "#523660"
    },
    "sim_cost": 192,
    "input": {
        "item": "hostilenetworks:prediction_matrix"
    },
    "base_drop": {
        "id": "hostilenetworks:overworld_prediction"
    },
	"trivia": "custom.trivia.aethersent_golem",
    "fabricator_drops": [
		{
            "id": "eternal_starlight:aethersent_ingot",
            "count": 4
        }
    ]
}