{
    "neoforge:conditions": [
        {
            "type": "neoforge:mod_loaded",
            "modid": "eternal_starlight"
        }
    ],
    "entity": "eternal_starlight:gleech",
    "name": {
        "translate": "entity.eternal_starlight.gleech",
        "color": "#84A4BA"
    },
    "sim_cost": 128,
    "input": {
        "item": "hostilenetworks:prediction_matrix"
    },
    "base_drop": {
        "id": "hostilenetworks:overworld_prediction"
    },
	"trivia": "custom.trivia.gleech",
    "fabricator_drops": [
		{
            "id": "eternal_starlight:gleech_egg",
            "count": 16
        }
    ]
}