{
    "neoforge:conditions": [
        {
            "type": "neoforge:mod_loaded",
            "modid": "eternal_starlight"
        }
    ],
    "entity": "eternal_starlight:rookfish",
    "name": {
        "translate": "entity.eternal_starlight.rookfish",
        "color": "#323C39"
    },
    "sim_cost": 32,
    "input": {
        "item": "hostilenetworks:prediction_matrix"
    },
    "base_drop": {
        "id": "hostilenetworks:overworld_prediction"
    },
	"trivia": "custom.trivia.rookfish",
    "fabricator_drops": [
		{
            "id": "eternal_starlight:rookfish",
            "count": 8
        },
		{
            "id": "eternal_starlight:rookfish_air_sac",
            "count": 16
        }
    ]
}