{
  "name": "Обсидиановый плащ",
  "icon": "minecraft:diamond",
  "category": "bloodmagic:alchemy_table/potion_flasks/blood_magic",
  "pages": [
    {
      "type": "patchouli:text",
      "text": "$(thing)Обсидиановый плащ$() снижает весь урон, получаемый от источников немагического происхождения, на 20% за уровень. $(br2)Изготавливается из колбы $(l:bloodmagic:alchemy_table/potion_flasks/blood_magic/hard_cloak)Твердый плащ$(), а не из $(item)Пустой колбы$(), как большинство других $(thing)зелий$()."
    },
    {
      "type": "bloodmagic:3x_crafting_flask",
      "a.heading": "Обсидиановый плащ (3:00)",
      "a.recipe": "bloodmagic:flask/hard_to_obsidian",
      "b.heading": "Обсидиановый плащ (8:00)",
      "b.recipe": "bloodmagic:flask/length_obsidian_cloak",
      "c.heading": "Обсидиановый плащ II (1:30)",
      "c.recipe": "bloodmagic:flask/potency_obsidian_cloak"
    },
    {
      "type": "patchouli:text",
      "text": "добавление $(l:bloodmagic:alchemy_table/potions#average_potions)Стандартных катализаторов$() позволит усилить зелье."
    },
    {
      "type": "bloodmagic:2x_crafting_flask",
      "a.heading": "Обсидиановый плащ III (0:45)",
      "a.recipe": "bloodmagic:flask/potency_average_obsidian_cloak",
      "b.heading": "Обсидиановый плащ (21:20)",
      "b.recipe": "bloodmagic:flask/length_average_obsidian_cloak"
    }
  ]
}
