{
  "name": "Спектральный обзор",
  "icon": "minecraft:glowstone_dust",
  "category": "bloodmagic:alchemy_table/potion_flasks/blood_magic",
  "pages": [
    {
      "type": "patchouli:text",
      "text": "$(thing)Спектральный обзор$() освещает ближайших существ, как если бы они находились под эффектом 'Свечение'. Базовый радиус действия составляет 24 блока, на более высоких уровнях радиус действия увеличивается еще на 32 блока за уровень.$(br2)Изготавливается из зелья $(l:bloodmagic:alchemy_table/potion_flasks/vanilla/night_vision)Ночного зрения$()."
    },
    {
      "type": "bloodmagic:3x_crafting_flask",
      "a.heading": "Спектральный обзор (3:00)",
      "a.recipe": "bloodmagic:flask/night_to_spectral",
      "b.heading": "Спектральный обзор (8:00)",
      "b.recipe": "bloodmagic:flask/length_spectral_sight",
      "c.heading": "Спектральный обзор II (1:30)",
      "c.recipe": "bloodmagic:flask/potency_spectral_sight"
    },
    {
      "type": "patchouli:text",
      "text": "добавление $(l:bloodmagic:alchemy_table/potions#average_potions)Стандартных катализаторов$() позволит усилить зелье."
    },
    {
      "type": "bloodmagic:2x_crafting_flask",
      "a.heading": "Спектральный обзор III (0:45)",
      "a.recipe": "bloodmagic:flask/potency_average_spectral_sight",
      "b.heading": "Спектральный обзор (21:20)",
      "b.recipe": "bloodmagic:flask/length_average_spectral_sight"
    }
  ]
}
