{
    "entity": "minecraft:creeper",
    "variants": [
        "ad_astra:sulfur_creeper",
		"caverns_and_chasms:deeper",
		"caverns_and_chasms:peeper",
        "creeperoverhaul:badlands_creeper",
        "creeperoverhaul:bamboo_creeper",
        "creeperoverhaul:beach_creeper",
        "creeperoverhaul:cave_creeper",
        "creeperoverhaul:dark_oak_creeper",
        "creeperoverhaul:desert_creeper",
        "creeperoverhaul:dripstone_creeper",
        "creeperoverhaul:hills_creeper",
        "creeperoverhaul:jungle_creeper",
        "creeperoverhaul:mushroom_creeper",
        "creeperoverhaul:ocean_creeper",
        "creeperoverhaul:savannah_creeper",
        "creeperoverhaul:snowy_creeper",
        "creeperoverhaul:spruce_creeper",
        "creeperoverhaul:swamp_creeper",
		"mekanismadditions:baby_creeper"
    ],
    "name": {
        "translate": "entity.minecraft.creeper",
        "color": "#70DC5D"
    },
    "sim_cost": 128,
    "input": {
        "item": "hostilenetworks:prediction_matrix"
    },
    "base_drop": {
        "id": "hostilenetworks:overworld_prediction"
    },
    "trivia": "hostilenetworks.trivia.creeper",
    "fabricator_drops": [
        {
            "id": "minecraft:gunpowder",
            "count": 32
        },
        {
            "id": "minecraft:creeper_head",
            "count": 4
        },
        {
            "optional": true,
            "id": "reliquary:catalyzing_gland",
            "count": 2
        },
        {
            "optional": true,
            "id": "savage_and_ravage:creeper_spores",
            "count": 4
        }
    ]
}