{
	"entity": "minecraft:ender_dragon",
    "name": {
        "translate": "entity.minecraft.ender_dragon",
        "color": "#CC00CC"
    },
    "display": {
        "y_offset": 0.5,
        "scale": 0.25
    },
	"sim_cost": 2560,
	"input": {
		"item": "hostilenetworks:prediction_matrix"
	},
	"base_drop": {
		"id": "hostilenetworks:end_prediction"
	},
	"trivia": "hostilenetworks.trivia.ender_dragon",
	"fabricator_drops": [
		{
			"id": "minecraft:dragon_egg",
			"count": 1
		},
		{
			"id": "minecraft:dragon_breath",
			"count": 16
		},
		{
			"optional": true,
			"id": "draconicevolution:dragon_heart",
			"count": 2
		},
		{
			"optional": true,
			"id": "draconicevolution:draconium_dust",
			"count": 32
		},
		{
			"optional": true,
			"id": "irons_spellbooks:dragonskin",
			"count": 4
		},
		{
			"optional": true,
			"id": "quark:dragon_scale",
			"count": 4
		},
		{
			"optional": true,
			"id": "tconstruct:dragon_scale",
			"count": 4
		},
		{
			"optional": true,
			"id": "tetra:dragon_sinew",
			"count": 4
		}
	],
    "data_per_kill": {
        "faulty": 3,
        "basic": 12,
        "advanced": 30,
        "superior": 45
    }
}