{
    "entity": "minecraft:tropical_fish",
    "variants": [
        "atmospheric:tetra",
        "environmental:slabfish"
    ],
    "name": {
        "translate": "entity.minecraft.tropical_fish",
        "color": "#F16E20"
    },
    "sim_cost": 32,
    "input": {
        "item": "hostilenetworks:prediction_matrix"
    },
    "base_drop": {
        "id": "hostilenetworks:overworld_prediction"
    },
    "trivia": "custom.trivia.tropical_fish",
    "fabricator_drops": [
        {
            "optional": true,
            "id": "croptopia:roe",
            "count": 64
        },
        {
            "id": "minecraft:tropical_fish",
            "count": 32
        },
        {
            "id": "minecraft:bone_meal",
            "count": 2
        }
    ]
}