{
  "name": "Метательные кинжалы",
  "icon": "bloodmagic:throwing_dagger",
  "category": "bloodmagic:demon_will/demonic_items",
  "extra_recipe_mappings": {
    "bloodmagic:slate_ampoule": 3
  },
  "pages":[
    {
      "type": "text",
      "text": "$(item)Луки$() и $(item)арбалеты$() достаточно хороши по-своему, но разбивая $(item)гравий$() для $(item)кремния$() и убивая куриц для $(item)перьев$() откровенно низко для тебя. Эти блестящие (и чрезвычайно острые) $(item)метательные кинжалы$() также имеют додтаточно кровожадный эффект."
    },
    {
      "type": "crafting_soulforge",
      "heading": "Железный метательный кинжал",
      "recipe": "bloodmagic:soulforge/throwing_dagger",
	  "anchor":"iron_throwing_dagger",
	  "text": "$(item)Железный метательный кинжал$() это кинжал быстрой атаки, наносящий 10 урона с небольшим кулдауном. Но только, если у вас есть немного $(l:bloodmagic:demon_will/will_manipulation/demon_will)воли демона$() (хранящейся у вас в любом виде, например в $(l:bloodmagic:demon_will/will_manipulation/soul_gem)камне душ$(), при убийстве будет сброшена $(raw)воля$() как и с $(l:bloodmagic:demon_will/demonic_items/sentient_sword)разумным мечем$()."
    },
    {
      "type": "crafting_soulforge",
      "heading": "Метательный кинжал-шприц",
      "recipe": "bloodmagic:soulforge/throwing_dagger_syringe",
	  "anchor":"syringe_throwing_dagger",
	  "text": "$(item)Метательный кинжал-шприц$() более интересен для мага крови при добычи $(blood)жизненной эссенции$(), чем $(raw)воли$(). Хотя оно наносит немного меньше урона, оно заметно дешевле, а враги, убитые этим оружием, имеют шанс дропнуть $(item)сланцевую ампулу$() 1 или больше, если они достаточно крепки."
    },
    {
      "type": "spotlight",
      "item": "bloodmagic:slate_ampoule",
      "title": "Сланцевая ампула",
      "text": "Эти восхитительные маленькие пузырьки можно раздавить, находясь рядом с $(l:bloodmagic:altar/blood_altar)кровавым алтарем$() чтобы передать $(blood)500 LP$() в него, разрушая $(item)ампулу$(). Передача не зависит он каких-либо $(item)рун$() которые у вас есть."
    }
  ]
}
