{
  "name": "Бодибилдер",
  "icon": "minecraft:cooked_beef",
  "category": "bloodmagic:alchemy_array/living_equipment/armor_upgrades",
  "pages": [
    {
      "type": "text",
      "text": "Эффект: Дает сопротивление отбрасыванию и дополнительное здоровье. Заканчивается при 100% сопротивлении и 10 полусердцах здоровья. $(br2)Развитие: Поедание еды. $(br2)Максимальный уровень: 5"
    },
    {
      "type": "bloodmagic:living_armour_upgrade_table",
      "upgrade": "bloodmagic:knockback_resist"
    }
  ]
}