{
  "name": "Разъём",
  "icon": "bloodmagic:soulsnare",
  "category": "bloodmagic:alchemy_array/living_equipment/armor_upgrades",
  "flag": "mod:curios",
  "pages": [
    {
      "type": "text",
      "text": "Добавляет $(thing)слоты для живой брони$() для игрока, которые могут хранить совместимые с $(6)Blood Magic$() предметы. $(br2)Это улучшение нельзя развить, только создать. По умолчанию каждый $(l:bloodmagic:alchemy_array/living_equipment/living_tomes)том улучшения живой брони$() добавляет один дополнительный слот."
    },
    {
      "type": "bloodmagic:crafting_upgrade_alchemy_table",
      "a.heading": "Разъём",
      "a.recipe": "bloodmagic:alchemytable/curios_upgrade",
      "b.upgrade": "bloodmagic:curios_socket"
    }
  ]
}