{
  "name": "Двемерская мощь",
  "icon": "minecraft:diamond_pickaxe",
  "category": "bloodmagic:alchemy_array/living_equipment/armor_upgrades",
  "pages": [
    {
      "type": "text",
      "text": "Эффект: Увеличивает скорость добычи при добыче одинаковых блоков. После определенного уровня дает бафф скорости после разрушения блоков. $(br2)Развитие: Копание в шахте. $(br2)Максимальный уровень: 10"
    },
    {
      "type": "bloodmagic:living_armour_upgrade_table",
      "upgrade": "bloodmagic:digging"
    }
  ]
}