{
  "name": "Мудрец",
  "icon": "minecraft:experience_bottle",
  "category": "bloodmagic:alchemy_array/living_equipment/armor_upgrades",
  "pages": [
    {
      "type": "text",
      "text": "Эффект: Увеличивает количество опыта, который падает после убийства мобов, до 150% $(br2)Развитие: Сбор опыта. $(br2)Максимальныйй уровень: 10"
    },
    {
      "type": "bloodmagic:living_armour_upgrade_table",
      "upgrade": "bloodmagic:experienced"
    }
  ]
}