{
  "name": "Подушка для булавок",
  "icon": "minecraft:arrow",
  "category": "bloodmagic:alchemy_array/living_equipment/armor_upgrades",
  "pages": [
    {
      "type": "text",
      "text": "Эффект: Предлагает защиту от стрел. $(br2)Развитие: Принятие выстрелов. $(br2)Максимальный уровень: 10"
    },
    {
      "type": "bloodmagic:living_armour_upgrade_table",
      "upgrade": "bloodmagic:arrow_protect"
    }
  ]
}