{
  "name": "Сильные ноги",
  "icon": "minecraft:diamond_leggings",
  "category": "bloodmagic:alchemy_array/living_equipment/armor_upgrades",
  "pages": [
    {
      "type": "text",
      "text": "Эффект: Увеличивает высоту прыжка и снижает урон от падения, максимум до 7,5 дополнительных блоков и 83% сопротивления падению. Можно выключить удерживая [$(k:sneak)] во время прыжка. $(br2)Развитие: Прыжки. $(br2)Максимальный уровень: 10"
    },
    {
      "type": "bloodmagic:living_armour_upgrade_table",
      "upgrade": "bloodmagic:jump"
    }
  ]
}
