{
  "name": "Ночное зрение",
  "icon": "minecraft:golden_carrot",
  "category": "bloodmagic:alchemy_table/potion_flasks/vanilla",
  "pages": [
    {
      "type": "patchouli:text",
      "text": "$(thing)Ночное зрение$() повышает способность объекта видеть в темноте и под водой."
    },
    {
      "type": "bloodmagic:3x_crafting_flask",
      "a.heading": "Ночное зрение (3:00)",
      "a.recipe": "bloodmagic:flask/night_vision",
      "b.heading": "Ночное зрение (8:00)",
      "b.recipe": "bloodmagic:flask/length_night_vision",
      "c.heading": "Ночное зрение (21:20)",
      "c.recipe": "bloodmagic:flask/length_average_night_vision"
    }
  ]
}
