{
  "name": "Отравление",
  "icon": "minecraft:spider_eye",
  "category": "bloodmagic:alchemy_table/potion_flasks/vanilla",
  "pages": [
    {
      "type": "patchouli:text",
      "text": "$(thing)Отравление$() наносит объекту урон с течением времени, но не может убить его самостоятельно. На более высоких уровнях урон наносится быстрее."
    },
    {
      "type": "bloodmagic:3x_crafting_flask",
      "a.heading": "Отравление (3:00)",
      "a.recipe": "bloodmagic:flask/poison",
      "b.heading": "Отравление (8:00)",
      "b.recipe": "bloodmagic:flask/length_poison",
      "c.heading": "Отравление II (1:30)",
      "c.recipe": "bloodmagic:flask/potency_poison"
    },
    {
      "type": "patchouli:text",
      "text": "добавление $(l:bloodmagic:alchemy_table/potions#average_potions)Стандартных катализаторов$() позволит усилить зелье."
    },
    {
      "type": "bloodmagic:2x_crafting_flask",
      "a.heading": "Отравление III (0:45)",
      "a.recipe": "bloodmagic:flask/potency_average_poison",
      "b.heading": "Отравление (21:20)",
      "b.recipe": "bloodmagic:flask/length_average_poison"
    }
  ]
}
