{
  "name": "Плавное падение",
  "icon": "minecraft:phantom_membrane",
  "category": "bloodmagic:alchemy_table/potion_flasks/vanilla",
  "pages": [
    {
      "type": "patchouli:text",
      "text": "$(thing)Плавное падение$() приводит к тому, что объект медленно падает и не получает урона от падения, подобно курице."
    },
    {
      "type": "bloodmagic:3x_crafting_flask",
      "a.heading": "Плавное падение (3:00)",
      "a.recipe": "bloodmagic:flask/slow_fall",
      "b.heading": "Плавное падение (8:00)",
      "b.recipe": "bloodmagic:flask/length_slow_fall",
      "c.heading": "Плавное падение (21:20)",
      "c.recipe": "bloodmagic:flask/length_average_slow_fall"
    }
  ]
}
