{
  "name": "Слабость",
  "icon": "minecraft:fermented_spider_eye",
  "category": "bloodmagic:alchemy_table/potion_flasks/vanilla",
  "pages": [
    {
      "type": "patchouli:text",
      "text": "$(thing)Слабость$() уменьшает урон атаки объекта на 4 единицы за уровень."
    },
    {
      "type": "bloodmagic:3x_crafting_flask",
      "a.heading": "Слабость (3:00)",
      "a.recipe": "bloodmagic:flask/weakness",
      "b.heading": "Слабость (8:00)",
      "b.recipe": "bloodmagic:flask/length_weakness",
      "c.heading": "Слабость II (1:30)",
      "c.recipe": "bloodmagic:flask/potency_weakness"
    },
    {
      "type": "patchouli:text",
      "text": "добавление $(l:bloodmagic:alchemy_table/potions#average_potions)Стандартных катализаторов$() позволит усилить зелье."
    },
    {
      "type": "bloodmagic:2x_crafting_flask",
      "a.heading": "Слабость III (0:45)",
      "a.recipe": "bloodmagic:flask/potency_average_weakness",
      "b.heading": "Слабость (21:20)",
      "b.recipe": "bloodmagic:flask/length_average_weakness"
    }

  ]
}
