{
  "name": "Зев пустоты",
  "icon": "minecraft:black_stained_glass",
  "category": "bloodmagic:rituals/ritual_list",
  "pages": [
    {
      "type": "multiblock",
      "name": "Зев пустоты",
      "multiblock_id": "bloodmagic:yawning_void",
      "text": "Используйте $(l:bloodmagic:rituals/ritual_diviner#dusk)Сумрачный ритуальный предсказатель$(/l) для облегчения строительства."
    },
    {
      "type": "bloodmagic:ritual_info",
      "ritual": "yawning_void"
    },
    {
      "type": "bloodmagic:ritual_data",
      "ritual": "yawning_void",
      "page_type": "raw",
      "text_overrides": [
        ["Raw Will", "raw"]
      ]
    },
    {
      "type": "bloodmagic:ritual_data",
      "ritual": "yawning_void",
      "page_type": "corrosive",
      "text_overrides": [
        ["filter", "item"]
        ],
      "text": "Чтобы установить фильтр, поместите любую форму $(item)Предметного фильтра$() в связанный $(item)Сундук$(). Ритуал будет использовать только первый найденный фильтр, принимая при этом $(l:bloodmagic:demon_will/item_routing/standard_item_filter)Стандартный$(), $(l:bloodmagic:demon_will/item_routing/tag_item_filter)По тегам$(), $(l:bloodmagic:demon_will/item_routing/mod_item_filter)По моду$(), и $(l:bloodmagic:demon_will/item_routing/composite_item_filter)Фильтры составных предметов$(). Черный список тоже работает!"
    },
    {
      "type": "bloodmagic:ritual_data",
      "ritual": "yawning_void",
      "page_type": "steadfast"
    },
    {
      "type": "bloodmagic:ritual_data",
      "ritual": "yawning_void",
      "page_type": "quarryRange"
    },
    {
      "type": "bloodmagic:ritual_data",
      "ritual": "yawning_void",
      "page_type": "chest",
      "text_overrides": [
        ["Item Filter", "item"]
        ]
    },
    {
      "type": "bloodmagic:ritual_data",
      "ritual": "yawning_void",
      "page_type": "placementRange"
    }
  ]
}
