{
  "name": "Покаяние свинцовой души",
  "icon": "bloodmagic:upgradescraps",
  "category": "bloodmagic:rituals/ritual_list",
  "extra_recipe_mappings": {
    "bloodmagic:upgradescraps": 7
  },
  "pages": [
    {
      "type": "multiblock",
      "name": "Покаяние свинцовой души",
      "multiblock_id": "bloodmagic:downgrade",
      "text": "Используйте $(l:bloodmagic:rituals/ritual_diviner#dusk)Сумрачный ритуальный предсказатель$(/l) для облегчения строительства."
    },
    {
      "type": "bloodmagic:ritual_info",
      "ritual": "downgrade"
    },
    {
      "type": "patchouli:text",
      "anchor": "downgrades",
      "text": "Этот ритуал расходует избыток $(thing)Очков улучшения$() (в виде $(item)Томов$(), $(item)Обрывков$(), и $(item)Синтетических очков улучшения$()), а также один $(item)Ключевой предмет$() за уровень, чтобы применить понижение уровня к надетой $(l:bloodmagic:alchemy_array/living_equipment/living_basics)Живой броне$(). Ключевой предмет для каждого понижения - свой, и он показан в каждой записи о понижении. Эти понижения сильно ограничивают ваши способности, но дают вам множество дополнительных $(thing)Очков улучшения$(), с которыми вы можете играть, позволяя получить гораздо больше специализаций, чем было доступно ранее."
    },
    {
      "type": "patchouli:crafting",
      "recipe": "bloodmagic:synthetic_point",
      "text": "Если у вас нет достаточного количества доступных очков, вы можете изготовить синтетические очки. Каждый из них равен одному очку улучшения. "
    },
    {
      "type": "patchouli:text",
      "text": "Чтобы использовать ритуал, просто положите свои тома (или другие источники очков улучшения) и необходимый предмет (предметы) для конкретного понижения уровня брони в прикрепленный сундук (см. предыдущую страницу), надев при этом Живую броню. В результате ритуала очки будут израсходованы и понижение будет применено к броне. Порядок расходования: $(item)Обрывки улучшения живой брони$(), затем $(item)Тома улучшения живой брони$(), и, наконец, $(item)Синтетические очки улучшения$()."
    },
    {
      "type": "patchouli:text",
      "text": "Понижение уровня брони зависит от того, какой предмет (предметы) вы положили в сундук. Каждый предмет, соответствующий определенному понижению, увеличивает уровень желаемого понижения на единицу. Таким образом, при одной активации ритуала можно одновременно применить несколько понижений. Так, если вы хотите получить, скажем, 3-й уровень 'Жаждущего битвы', то положите в сундук 3 $(item)Гнилой плоти$() и предметы стоимостью 35 $(thing)Очков улучшения$(), а затем активируйте ритуал, надев полный комплект $(thing)Живой брони$()."
    },
    {
      "type": "patchouli:text",
      "text": "The ritual will respect any settings you have configured on your $(l:bloodmagic:alchemy_array/living_equipment/training_bracelet)Living Armour Training Bracelet$(), so if you have it set to 'do not allow other upgrades' then the ritual will fail to apply the downgrades to you. If in doubt, put your Training Bracelet away!"
    },
    {
      "type": "patchouli:spotlight",
      "item": "bloodmagic:upgradescraps",
      "title": "Обрывки улучшения живой брони",
      "text": "Излишки очков будут возвращены в виде $(item)Обрывков улучшения живой брони$(), которые могут быть использованы в последующих ритуалах."
    }
  ]
}
