{
  "name": "Фокус эллипсоида",
  "icon": "minecraft:bucket",
  "category": "bloodmagic:rituals/ritual_list",
  "pages": [
    {
      "type": "multiblock",
      "name": "Фокус эллипсоида",
      "multiblock_id": "bloodmagic:ellipsoid",
      "text": "Используйте $(l:bloodmagic:rituals/ritual_diviner#dusk)сумрачный ритуальный предсказатель$(/l) для сооружения."
    },
    {
      "type": "bloodmagic:ritual_info",
      "ritual": "ellipsoid"
    },
    {
      "type": "text",
      "text": "Этот ритуал имеет исключительно эстетическую природу и предназначен для начинающих, и ленивых строителей, которые живут в каждом из нас. Он особенно хорошо подходит для построения сложных форм, таких как могущественный золотой купол над вашим логовом зла... У вас есть такое, верно?"
    },
	{
	  "type": "bloodmagic:ritual_data",
	  "ritual": "ellipsoid",
	  "page_type": "chest"
	},
	{
	  "type": "bloodmagic:ritual_data",
	  "ritual": "ellipsoid",
	  "page_type": "spheroidRange"
	}
  ]
}
