{
  "name": "Компаратор",
  "icon": "minecraft:comparator",
  "category": "caupona:tweaks",
  "sortnum": 1,
  "pages": [
    {
      "type": "text",
      "text": "Компараторы могут определять рабочий статус котлов. Работающие котлы имеют фиксированный выходной сигнал 0, в то время как неработающие — 1. Кроме того, каждая миска тушеного мяса и каждая стопка ингредиентов в котле увеличивают выходной сигнал на 1."
    },
    {
      "type": "text",
      "text": "$(l:resting/oil)Соусницы$(/l) также могут быть обнаружены с помощью компараторов. Каждое оставшееся время использования увеличивает выходной сигнал на 3, а пустые отправляют 0."
    },
    {
      "type": "text",
      "text": "Как и котлы, сковороды также могут отправлять сигналы через компараторы, указывая свой рабочий статус: 0 для работающей и 1 для неработающей. Каждая стопка ингредиентов будет увеличивать выходной сигнал на 1. В частности, если выходной слот занят, он постоянно выдает 15."
    },
    {
      "type": "text",
      "text": "Размещенные блюда и супы отправляют 15, если они еще не потреблены, в то время как пустые миски и тарелки отправляют 0."
    },
    {
      "type": "text",
      "text": "$(l:intro/wolf_statue)Статуи волка$(/l) отправляют сигналы 3 или 6 в зависимости от температуры. При нагревании печами выходной сигнал увеличивается на 9."
    }
  ]
}