{
  "name": "Редстоуновый черпак",
  "icon": "caupona:redstone_ladle",
  "category": "caupona:tweaks",
  "sortnum": 2,
  "pages": [
    {
      "type": "text",
      "text": "Хотя Caupona предоставляет $(l:tweaks/dispenser)автоматизацию на основе раздатчиков$(/l), такие механизмы могут быть несовместимы с другими модами, и все еще может быть обременительно передавать еду и жидкости только с помощью раздатчиков. Теперь мы предлагаем редстоуновые черпаки для упрощения таких процессов."
    },
    {
      "type": "text",
      "text": "Короче говоря, раздатчики с установленными редстоуновыми черпаками будут перемещать еду или жидкость, находящуюся перед ними, на позицию позади них."
    },
    {
      "type": "text",
      "text": "Если перед ними находятся блоки жидкости, они попытаются перекачать жидкость в задние контейнеры. Те же попытки будут предприняты, если вместо блоков жидкости есть контейнеры с жидкостью, и в этом случае каждый раз будет перекачиваться до 250 мБ жидкости."
    },
    {
      "type": "text",
      "text": "Размещенные миски супа, как пустые, так и полные, рассматриваются как контейнеры для жидкости и могут взаимодействовать с раздатчиками, оснащенными редстоуновыми черпаками. Это также верно для котлов, что позволяет переливать жидкости между котлами и мисками."
    },
    {
      "type": "text",
      "text": "Обжаренные блюда будут перекладываться со сковородок, противней или полных блюд спереди на пустые блюда сзади. В частности, пустая миска будет возвращена на сковородки/противни, если была переложена только еда."
    }
  ]
}