{
  "name": "Бесконечное царство",
  "icon": "bloodmagic:special_dungeon_seal",
  "category": "bloodmagic:dungeons",
  "extra_recipe_mappings": {
    "bloodmagic:special_dungeon_seal": 0,
    "bloodmagic:hellforgedparts": 3
  },
  "pages": [
    {
      "type": "patchouli:text",
      "text": "Как и в случае с его младшим братом, ритуалом $(l:bloodmagic:rituals/ritual_list/ritual_simple_dungeon)Край скрытого царства$(), попасть в само $(thing)Царство демонов$() можно с помощью ритуала $(l:bloodmagic:rituals/ritual_list/ritual_standard_dungeon)Путь в бесконечное царство$(). Вы снова окажетесь перед $(thing)Инверсионным пилоном$(). Как и в случае с $(thing)Предбанником$(), вы найдете простой сундук с награбленным, оставленный неосторожным демоном (или, возможно, менее удачливым сангвимантом), и несколько дверных проемов, а также"
    },
    {
      "type": "patchouli:text",
      "text": "еще один Инверсионный пилон, который вернет вас домой. $(br2)В этих комнатах подземелья обитают более грозные враги, чем в предбаннике, и добыча здесь соответствующая. Следите за наличием $(thing)Пространственных искажений$(), а также редких $(l:bloodmagic:dungeons/keys)ключей$(), таких как $(item)Ключ бригадира$()."
    },
    {
      "type": "patchouli:text",
      "text": "Пространственные искажения объявляют о себе сообщением в чате - если вы видите одно из таких сообщений, значит, комната, в которой вы находитесь, имеет особый замок. В настоящее время это либо вход в $(thing)Шахты$(), ибо вход в небольшую комнату, содержащую $(thing)Ключ бригадира$(), который можно открыть с помощью $(thing)железного ключа$(). Вход в Шахты всегда будет появляться перед ключом, поэтому может понадобиться проделать некоторый путь назад."
    },
    {
      "type": "patchouli:image",
      "images": [
        "bloodmagic:images/entries/dungeon/mine_key.png"
      ],
      "title": "Ключ бригадира",
      "border": true,
      "text": "Эту дверь можно открыть железным ключом, а за ней скрывается ключ бригадира."
    },
    {
      "type": "patchouli:image",
      "images": [
        "bloodmagic:images/entries/dungeon/mine_entrance.png"
      ],
      "title": "Вход в Шахты",
      "border": true,
      "text": "Эту дверь можно открыть только с помощью ключа бригадира. Возможно, вам понадобится проделать обратный путь!"
    },
    {
      "type": "patchouli:text",
      "text": "Ключ бригадира позволит попасть в $(thing)Шахты$(), то является еще одним шагом вперед как по сложности, так и по наградам. Вместе с $(l:bloodmagic:dungeons/demonite)Демонитом$(),  который необходим для высокого уровня $(l:bloodmagic:alchemy_table/potions)зельеварения$() и $(l:bloodmagic:altar/blood_altar)Кровавого алтаря 5-го уровня$(), а также прилагающейся к нему $(l:bloodmagic:altar/soul_network)Сферы$(), вы найдете множество более обычных предметов, зачарованное оружие и инструменты, амулеты, зелья и многое другое."
    },
    {
      "type": "patchouli:spotlight",
      "item": "bloodmagic:hellforgedparts",
      "title": "Сложные детали адской ковки",
      "text": "Достаточно изучить местность, и, возможно, вам посчастливится найти $(item)Сложные детали адской ковки$(), wкоторые можно использовать для удвоения силы имеющихся у вас $(item)Рун$(). Это все равно что иметь два $(blood)Кровавых алтаря$() в одном!"
    }
  ]
}