{
  "name": "Кровавый алтарь",
  "icon": "bloodmagic:altar",
  "category": "bloodmagic:altar",
  "priority": "true",
  "extra_recipe_mappings": {
    "bloodmagic:daggerofsacrifice": 13
    },
  "pages": [
    {
      "type": "text",
      "text": "$(item)Кровавый алтарь$() является центральным блоком мода, способным конвертировать сырую $(blood)кровь$() в $(blood)эссенцию жизни$(). Хотя вначале он может быть маленьким и незначительным, его сила и размер растут на протяжении всего мода, выступая в качестве основы для большей части вашей силы."
    },
    {
      "type": "crafting",
      "recipe": "bloodmagic:blood_altar"
    },
    {
      "type": "text",
      "text": "При размещении в мире $(item)кровавого алтаря$() он будет преобразовывать $(blood)кровь$() в $(blood)эссенцию жизни$(), которую затем использует для преобразования помещенных в него предметов. Нажав [$(k:use)] когда вы смотрите на алтарь, вы можете поместить один предмет из вашей руки во внутренний инвентарь алтаря. Нажатие [$(k:use)] пустой рукой извлечет предмет."
    },
    {
      "type": "multiblock",
      "name": "Кроваый алтарь I уровня",
      "multiblock_id": "bloodmagic:altar_one",
      "text": "Кроваый алтарь I уровня, в котором нет рун."
    },
    {
      "type": "text",
      "text": "Чтобы вы могли добавить $(blood)эссенцию жизни$(), называемую \"$(blood)LP$()\", вам сначала нужно создать $(item)жертвенный нож$(). Нажав [$(k:use)] целясь ножом в воздух, вы можете \"извлечь\" $(blood)200 LP$() за одно сердце, поместив его в ближайший алтарь. Алтарь изначально имеет максимальную вместимость 10 000 LP, а уровень крови в чаше указывает процент заполнения. $(l:bloodmagic:alchemy_array/sigil/divination)Сигил прорицания$(/l) позволяет получить более подробную информацию об алтаре."
    },
    {
      "type": "crafting",
      "recipe": "bloodmagic:sacrificial_dagger",
      "anchor": "knife",
      "text": "Имейте в виду, что 10% от общей $(blood)LP$() алтарь может поместить в невидимый внутренний 'резервуар', используемый для извлечения и вставки $(blood)жизненной эссенции$() в алтарь."
    },
    {
      "type": "text",
      "text": "Кровавый алтарь попытается начать крафт, как только игрок поместит предмет внутрь алтаря (или через каждые 5 секунд после создания). $(blood)LP$() внутри алтаря будет медленно истощаться (будут появляться красные частицы), трансформируя предмет. Если в алтаре недостаточно $(blood)LP$(), появится серый дым, указывающий на то, что вместо трансформирования предмет теряет прогресс. "
    },
    {
      "type": "text",
      "text": "Как только будет израсходовано достаточное количество $(blood)LP$() (стоимость умножается на число предметов в стаке), весь стак предметов будет преобразован. $(br2)Первый предмет, который вам необходимо создать, — это $(l:bloodmagic:altar/soul_network)слабый кровавый шар$(/l), который по умолчанию создается из алмаза плюс $(blood)2000 LP$() внутри кровавого алтаря уровня I. Все предметы, которые можно изготовить на кровавом алтаре, можно найти в Just Enough Items (JEI)."
    },
    {
      "type": "text",
	  "anchor": "blank_rune",
      "text": "Чтобы поднять уровень кровавого алтаря вам необходимо скрафтить $(item)кровавые руны$() и разместить их вокруг алтаря. Кровавые руны действуют как улучшения алтаря, и, используя более продвинутые версии кровавых рун, вы можете наделять алтарь различными эффектами. Самая первая руна - $(item)пустая руна$(), не дает никаких улучшений - она используется только для поднятия уровня алтаря."
    },
    {
      "type": "crafting",
      "recipe": "bloodmagic:blood_rune_blank"
    },
    {
      "type": "text",
      "text": "Чтобы улучшить кровавый алтарь до уровня 2, вы должны разместить 8 $(item)кровавых рун$() вокруг алтаря. Основные руны можно улучшить, но угловые руны не могут действовать как руны улучшения до уровня 3 кровавого алтаря."
    },
    {
      "type": "multiblock",
      "name": "Кроваый алтарь II уровня",
      "multiblock_id": "bloodmagic:altar_two",
      "text": "Кроваый алтарь II уровня, у которого итого 8 рун."
    },
    {
      "type": "text",
	  "anchor": "dagger_of_sacrifice",
      "text": "Теперь, когда у вас есть алтарь 2-го уровня, вы можете получить $(blood)жизненную эссенцию$() откуда-то кроме себя. $(item)Жертвенный кинжал$() позволит вам пожертвовать любым мобом, который стоит в пределах 2 блоков от вашего алтаря, мгновенно убивая их и предоставляя вам $(blood)LP$(). Вы можете увеличить количество $(blood)LP$(), которое вы получаете за убийство с помощью $(l:bloodmagic:altar/blood_rune/sacrifice_rune)рун жертвоприношения$(). Разные сущности дают разное количество $(blood)LP$(). Проверьте свои настройки для получения дополнительной информации."
    },
    {
      "type": "crafting_altar",
      "heading": "Жертвенный кинжал",
      "recipe": "bloodmagic:altar/daggerofsacrifice",
      "text": "Убийство жителей ради удовольствия и наживы!"
    },
    {
      "type": "text",
      "text": "Чтобы улучшить кровавый алтарь до уровня 3, поместите 5 $(item)кровавых рун$() на один блок ниже и на два блока дальше от предыдущего набора рун вдоль каждого края. Затем поместите два блока (например $(item)каменные кирпичи$()) в каждом углу, а затем закройте колонны $(item)блоками светокамня$().$(br)Чтобы убедиться, что алтарь улучшен, используйте $(l:bloodmagic:alchemy_array/sigil/divination)сигил прорицания$(/l) чтобы проверить уровень. Обратите внимание, что любой твёрдый блок можно использовать для столбов под светокамнем."
    },
    {
      "type": "multiblock",
      "name": "Кроваый алтарь III уровня",
      "multiblock_id": "bloodmagic:altar_three",
      "text": "Кроваый алтарь III уровня, у которого итого 28 рун, на 20 больше, чем у 2-го уровня, по 5 с каждой стороны."
    },
    {
      "type": "text",
      "text": "Чтобы улучшить кровавый алтарь до уровня 4, поместите 7 $(item) кровавых рун$() на один блок ниже и на два блока дальше от предыдущего набора рун вдоль каждого края. Затем поместите четыре твёрдых блока в каждый угол, в новом кольце рун, а затем закройте каждую колонну $(l:bloodmagic:utility/bloodstone_bricks)кровавыми кирпичами$(/l) и/или $(l:bloodmagic:utility/bloodstone_bricks)большими кровавыми кирпичами$(/l)."
    },
    {
      "type": "multiblock",
      "name": "Кроваый алтарь IV уровня",
      "multiblock_id": "bloodmagic:altar_four",
      "text": "Кроваый алтарь IV уровня, у которого итого 56 рун, на 28 больше, чем у 3-го уровня, по 7 с каждой стороны."
    },
    {
      "type": "text",
      "text": "[WIP Notes]$(br)[IV уровень алтаря пока не имеет контента!]"
    },
    {
      "type": "multiblock",
      "name": "Кроваый алтарь V уровня",
      "multiblock_id": "bloodmagic:altar_five",
      "text": "Кроваый алтарь V уровня, у которого итого 108 рун, на 52 больше, чем у 4-го уровня, по 13 с каждой стороны."
    }
  ]
}
