{
  "name": "Редстоун и автоматизация",
  "icon": "minecraft:redstone",
  "category": "bloodmagic:altar",
  "pages": [
    {
      "type": "text",
      "text": "$(l:bloodmagic:altar/blood_altar)Кровавый алтарь$() — это фантастический инструмент, но стоять и ждать, пока сланцы будут изготовлены, — не самое лучшее времяпрепровождение. К счастью, предметы и $(blood)LP$() могут автоматически передаваться в алтарь и выходить из него, хотя и с некоторыми отличиями. $(br)Пока $(item)воронки$() будут поставлять элементы, алтарь не остановит поставку предметов на одном. Он с радостью создаст 64 сланца"
    },
    {
      "type": "text",
      "text": "в одну подачу предметов потребляя в 64 раза больше $(blood)LP$() чем нужно, и если вы не можете заполнить $(blood)LP$() достаточно быстро, вы можете столкнутся с неприятностями. $(br2)Кроме того, алтарь не делает различий между вводом и выводом, поэтому без какого-либо фильтра предметы будут извлекаться и извлекаться так быстро, как может обработать ваша система передачи предметов. Поэтому взгляните на $(l:bloodmagic:demon_will/item_routing/routing_nodes)узлы маршрутизации$(), они могут быть полезны..."
    },
	{
      "type": "text",
      "text": "Алтарь также поддерживает передачу $(blood)жизненной эссенции$(), в обе стороны. Просто подключите, выбранную вами, жидкостную трубу, и вы сможете хранить излишки $(blood)жизненной эссенции$() для последующих крафтов. $(br2)Обратите внимание, что скорость передачи по умолчанию очень низкая. Если вы хотите ускорить её, вам лучше добавить $(l:bloodmagic:altar/blood_rune/acceleration_rune)руны ускорения$() и $(l:bloodmagic:altar/blood_rune/dislocation_rune)руны перемещения$() в ваш алтарь."
    },
	{
      "type": "text",
      "text": "Не забывайте что, $(blood)жизненная эссенция$() не берется непосредственно из $(l:bloodmagic:altar/blood_altar)алтаря$(), скорее из другого скрытого резервуара. Этот резервуар может содержать $(thing)до 10%$() $(blood)жизненной эссенции$() которую может вместить сам алтарь, поэтому, если при расчетах кажется, что что-то не верно, или если $(blood)жизненная эссенция$() исчезает из вашего алтаря, вероятно, скрытый резервуар это то место, где она находится. Те же ограничения применимы и к перекачивоемой $(blood)жизненной эссенции$()."
    },
    {
      "type": "text",
      "text": "Количество $(blood)жизненной эссенции$() в $(l:bloodmagic:altar/blood_altar)кровавом алтаре$() можно увидеть через компаратор сбоку, как в ванильном сундуке. $(br2)Если вы разместите $(item)кровавые кирпичи$() под алтарем компаратор вместо этого увидет наполнение $(l:bloodmagic:altar/soul_network)сети душ$(/l) владельца любой сферы, помещенной в алтарь. $(br2)Сила сигнала зависит от размера шара в алтаре, а не от максимального количества $(blood)LP$() в сети."
    },
    {
      "type": "text",
      "text": "К примеру, если у вас $(blood)500,000 LP$(), слабый кровавый шар будет отображаться как полностью заполненный, но главный кровавый шар будет отображаться только наполовину заполненным. Это можно использовать, например, для деактивации определенных ритуалов, когда у вас заканчивается $(blood)LP$(), чтобы быть уверенным, что все не исчерпается. $(br)Наконец, размещение $(item)редстоунового фонаря$() под алтарем заставит его выдавать сигнал красного камня после завершения операции крафта."
    }
  ]
}
