{
  "name": "Сеть душ",
  "icon": "bloodmagic:weakbloodorb",
  "category": "bloodmagic:altar",
  "pages": [
    {
      "type": "text",
      "text": "$(thing)Сеть душ$() это сеть, которая соединяет вашу $(thing)душу$() ко всем вашим связвнным предметам, ритуалам и блокам. Функционально это глобальное хранилище $(blood)LP$() уникальное для каждого игрока, который может добавлять и извлекать из него $(blood)LP$(), используя связанные различные предметы. Когда вы впервые нажмете [$(k:use)] с предметом, который может быть привязан к $(thing)сети душ$(), он будет привязан к вам и будет отмечен"
    },
    {
      "type": "text",
      "text": "как \"привязанный\" к вам. Таким образом, любое действие, требующее $(blood)LP$() будет опустошать вашу $(thing)сеть душ$(). В некоторых случаях, если процесс не может получить $(blood)LP$() из $(thing)сети душ$(), вместо этого он напрямую возьмет $(blood)LP$() из вашего здоровья.$(br)В других случаях (например, при продолжающихся $(thing)ритуалах$() полностью опустошивших вашу сеть), они просто будут вызывать тошноту до тех пор, пока либо ритуал не будет деактивирован, либо ваша $(thing)сеть душ$() не будет вновь наполнена. "
    },
    {
      "type": "text",
      "text": "Для того, чтобы заполнить свою $(thing)сеть душ$(), вам нужно будет создать $(item)кровавый шар$(). $(br)Кровавый шар может быть наполнен $(blood)LP$() одним из 2х вариантов. $(li)Игрок может пожертвовать 1 сердцем здоровья, нажав [$(k:use)] с $(item)кровавым шаром$(), связанным с $(thing)сетью душ$() пополнив сеть на $(blood)200 LP$(). $(li)$(item)Кровавый шар$() может быть помещен в $(l:bloodmagic:altar/blood_altar)кровавый алтарь$(/l) который наполнен $(blood)жизненной эссенцией$(). Шар наполнится так быстро, как только сможет, в зависимости возможности вашего алтаря. $(item)Руны скорости$() ускорят процесс."
    },
    {
      "type": "text",
      "text": "Сушествуют различные $(item)кровавые шары$() которые могут быть созданы на разных уровнях $(item)кровавого алтаря$(). Их рецепты на следующей странице. $(li)$(item)Слабый кровавый шар$() - Максимальная емкость: $(blood)5k LP$(). $(li)$(item)Кровавый шар ученика$() - Максимальная емкость: $(blood)25k LP$(). $(li)$(item)Магический кровавый шар$() - Максимальная емкость: $(blood)150k LP$(). $(li)$(item)Главный кровавый шар$() - Максимальная емкость: $(blood)1M LP$(). $(br)Если для вас $(blood)хранилища LP$() все еще малы для вас, рассмотрите возможность использования $(l:bloodmagic:altar/blood_rune/orb_rune)рун объема шара$()."
    },
    {
      "type": "2x_crafting_altar",
      "a.heading": "Слабый кровавый шар",
      "a.recipe": "bloodmagic:altar/weakbloodorb",
      "b.heading": "Кровавый шар ученика",
      "b.recipe": "bloodmagic:altar/apprenticebloodorb"
    },
    {
      "type": "2x_crafting_altar",
      "a.heading": "Магический кровавый шар",
      "a.recipe": "bloodmagic:altar/magicianbloodorb",
      "b.heading": "Главный кровавый шар",
      "b.recipe": "bloodmagic:altar/masterbloodorb"
    }
  ]
}
