{
  "display_on_front_page": false,
  "entries": [
    "herbology/mutations",
    "items/mutandis",
    "items/mutandis_extremis",
    "blocks/rowan_sapling",
    "blocks/hawthorn_sapling",
    "blocks/alder_sapling",
    "blocks/spanish_moss",
    "blocks/glint_weed",
    "blocks/ember_moss",
    "blocks/blood_poppy"
  ],
  "icon": {
    "count": 1,
    "id": "enchanted:mutandis"
  },
  "landing_text": "Some plants require mutations to be obtained, either by using Mutandis or Mutandis Extremis.\n\nPlants of this nature are covered in this chapter.",
  "title": "Mutated Plants"
}