{
	"name": "Аспики",
	"icon": "caupona:poultry_soup_aspic",
	"category": "caupona:resting",
	"sortnum": 0,
	"pages": [
		{
			"type": "text",
			"text": "Все тушеные блюда $(l:intro/base)на основе бульона$(/l) могут превращаться в аспики при отстаивании. Аспики могут складываться и сохраняют все свойства тушеных блюд."
		},
		{
			"type": "text",
			"text": "Аспики можно нагревать в котлах для тушения (жидкость не требуется) или переносных жаровнях (требуется одна миска воды), чтобы они снова превратились в тушеные блюда."
		}
	]
}