{
  "name": "Основа для супа",
  "icon": "caupona:water_or_stock_based",
  "category": "caupona:intro",
  "sortnum": 2,
  "pages": [
    {
      "type": "text",
      "text": "Основы не только влияют на типы супов. Некоторые основы могут давать бонусы к супам."
    },
    {
      "type": "spotlight",
      "item": "caupona:water",
      "text": "Вода не имеет ничего особенного и не дает бонусов."
    },
    {
      "type": "spotlight",
      "item": "caupona:milk",
      "text": "Молоко обеспечивает дополнительное насыщение."
    },
    {
      "type": "spotlight",
      "item": "caupona:stock",
      "text": "Бульон восстанавливает больше голода и обеспечивает более высокое насыщение."
    }
  ]
}