{
	"name": "Колонны",
	"icon": "caupona:calcite_ionic_column_capital",
	"category": "caupona:intro",
	"sortnum": 31,
	"pages": [
		{
			"type": "text",
			"text": "Колонны повсеместно распространены в греко-римской архитектуре. Caupona предоставляет три составных ордера колонн из четырех материалов: кварца, кальцита, камня и фельзитового туфа."
		},
		{
			"type": "text",
			"text": "Колонны состоят из трех частей: капители, ствола и плинта. Их можно изготовить из соответствующих материалов в камнерезе. В частности, кварцевые колонны требуют гладких кварцевых блоков."
		},
		{
			"type": "spotlight",
			"item": "caupona:calcite_ionic_column_capital",
			"text": "Ионическая колонна имеет классическую спиральную капитель и рифленый ствол."
		},
		{
			"type": "spotlight",
			"item": "caupona:calcite_tuscan_column_capital",
			"text": "Тосканская колонна не имеет сложных резных элементов на капители, а ствол колонны не рифленый. Поэтому ее визуальный эффект относительно прост."
		},
		{
			"type": "spotlight",
			"item": "caupona:calcite_acanthine_column_capital",
			"text": "Этот ордер колонн не существует в реальности, его прототипом является коринфский ордер. Акантовая колонна имеет рифленый ствол и рельефный узор, напоминающий листья, на капители."
		},
		{
			"type": "image",
			"images": ["caupona:textures/gui/entries/columns.png"],
			"text": "Пример колонн"
		}
	]
}