{
	"name": "Прилавок с долией",
	"icon": "caupona:brick_counter_with_dolium",
	"category": "caupona:intro",
	"sortnum": 6,
	"pages": [
		{
			"type": "crafting",
			"recipe": "caupona:crafting/brick_counter_with_dolium",
			"text": "Прилавки с долиями (или просто долии в контексте хранения/передачи жидкостей) — это кухонное оборудование. Как и другое оборудование, они имеют варианты из разных $(l:intro/kitchen_materials)материалов$(/l)."
		},
		{
			"type": "text",
			"text": "Прилавки с долиями можно использовать для хранения жидкостей, и они предоставляют рецепты для выдержки. Между прилавками, построенными из разных материалов, нет различий."
		},
		{
			"type": "text",
			"text": "Прилавки с долиями имеют три входных слота и один выходной слот в своем графическом интерфейсе."
		},
		{
			"type": "text",
			"text": "Что касается хранения жидкостей, следует использовать только резервуары для жидкостей внутри их графического интерфейса. Вы можете сливать или наполнять долии жидкостями, так же, как это можно делать с котлами для тушения. Специи также можно добавлять при извлечении супов."
		},
		{
			"type": "text",
			"text": "Есть 3 входных слота для рецептов выдержки: просто поместите все материалы внутрь и оставьте их на относительно долгое время, и они превратятся во что-то другое. Подробности см. на страницах, посвященных выдержке."
		}
	]
}