{
	"name": "Гипокауст и баня",
	"icon": "caupona:opus_incertum_hypocaust_firebox",
	"category": "caupona:intro",
	"sortnum": 46,
	"pages": [
		{
			"type": "text",
			"text": "Гипокаусты — это античные системы центрального отопления. В системе гипокауста тепло поступает от центрального блока (топки) и распространяется на относительно большую площадь."
		},
		{
			"type": "crafting",
			"recipe": "caupona:crafting/opus_incertum_hypocaust_firebox"
		},
		{
			"type": "crafting",
			"recipe": "caupona:crafting/opus_incertum_caliduct",
			"text": "$(l:intro/kitchen_materials)Кухонные материалы$(/l) могут быть использованы для строительства гипокаустов, кроме грязи и сухого камня, так как они могут быть нестабильными и не являются водонепроницаемыми."
		},
		{
			"type": "text",
			"text": "При строительстве системы гипокауста центральная топка и калидукты должны быть соединены горизонтально, а топка должна быть установлена на источнике тепла, таком как $(l:intro/stove)печи$(/l) или $(l:worldgen/volcanic_fumarole)фумарольный вентиляционный канал$(/l). Система гипокауста может нагреваться несколькими топками, но достигаемое тепло не будет суммироваться."
		},
		{
			"type": "text",
			"text": "Нагретая система гипокауста, в свою очередь, будет нагревать воду над ней, превращая ее в банную воду с частицами пара. Находясь в банной воде, вы можете постепенно получать опыт, но очень медленно. Топка может нагревать область 9x9 вокруг нее."
		},
		{
			"type": "image",
			"images": ["caupona:textures/gui/entries/bath.png"],
			"text": "Пример бани с гипокаустным отоплением."
		}
	]
}