{
	"name": "Свинцовая посуда",
	"icon": "caupona:lead_stew_pot",
	"category": "caupona:intro",
	"sortnum": 5,
	"pages": [
		{
			"type": "crafting",
			"recipe": "caupona:crafting/lead_stew_pot",
			"text": "$(l:intro/lead)Свинцовый$(/l) котел для тушения действует аналогично $(l:intro/stew_pots)его обычному аналогу$(/l), за исключением того, что сахар из свинца (в виде специи Дефрутум) будет выщелачиваться в тушеное блюдо, если оно будет достаточно концентрированным или если будет добавлен уксус."
		},
		{
			"type": "crafting",
			"recipe": "caupona:crafting/lead_frying_pan",
			"text": "$(l:intro/lead)Свинцовая$(/l) сковорода действует аналогично $(l:intro/frying_pans)ее обычному аналогу$(/l), за исключением того, что любой добавленный уксус превратится в дефрутум."
		}
	]
}