{
	"name": "Разные строительные блоки",
	"icon": "caupona:felsic_tuff_spoked_fence",
	"category": "caupona:intro",
	"sortnum": 30,
	"pages": [
		{
			"type": "text",
			"text": "Добавлен ряд типов строительных блоков исключительно для декоративных целей. Для каждого типа предусмотрены версии из нескольких материалов, чтобы соответствовать различным стилям строительства."
		},
		{
			"type": "spotlight",
			"item": "caupona:stone_lacunar_tile",
			"title": "Кессонные плитки",
			"text": "Кессонные плитки — это блоки с углубленными, ступенчатыми поверхностями, обычно используемые для облицовки потолков. Предоставляются версии из камня, кварца, кальцита и кислого туфа."
		},
		{
			"type": "spotlight",
			"item": "caupona:stone_spoked_fence",
			"title": "Решетчатые ограждения",
			"text": "Решетчатые ограждения похожи на стены, но частично полые. Предоставляются версии из камня, кварца, кальцита и кислого туфа."
		}
	]
}