{
	"name": "Переносная жаровня",
	"icon": "caupona:portable_brazier",
	"category": "caupona:intro",
	"sortnum": 11,
	"pages": [
		{
			"type": "crafting",
			"recipe": "caupona:crafting/clay_portable_brazier"
		},
		{
			"type": "smelting",
			"recipe": "caupona:smelting/portable_brazier",
			"text": "Переносные жаровни можно носить в инвентаре и открывать, удерживая правой кнопкой мыши. Их единственное назначение — растапливать $(l:resting/aspics)аспики$(/l) в супы."
		},
		{
			"type": "text",
			"text": "В графическом интерфейсе жаровни есть слот для входа, слот для миски с водой, слот для выхода и слот для топлива. Хотя вода не требуется в котлах для тушения для размораживания аспиков, здесь всегда необходима миска воды."
		},
		{
			"type": "text",
			"text": "Переносные жаровни потребляют один топливный предмет каждый раз, когда они работают. В качестве топлива принимаются яркий уголь и магматический крем."
		},
		{
			"type": "spotlight",
			"item": "caupona:vivid_charcoal",
			"text": "Есть два способа получить яркий уголь: скрафтить его из магматического крема и угля, или выдержать шарики слизи, уголь и лаву вместе. Яркий уголь дешевле магматического крема и может использоваться только в переносных жаровнях."
		}
	]
}