{
	"name": "Ситула",
	"icon": "caupona:situla",
	"category": "caupona:intro",
	"sortnum": 5,
	"pages": [
		{
			"type": "crafting",
			"recipe": "caupona:crafting/situla",
			"text": "Объем внутри ситулы составляет 1250 мБ, такой же, как у котлов для тушения и долий. Поэтому ситулы предназначены для переноса жидкостей (включая тушеные блюда)."
		},
		{
			"type": "text",
			"text": "Ситулы взаимодействуют с жидкостями в мире. Наполовину полная ситула будет заполнена, даже если оставшееся пространство меньше одного ведра, но при этом остаточная жидкость будет потеряна."
		}
	]
}