{
	"name": "Улитки",
	"icon": "caupona:snail",
	"category": "caupona:intro",
	"sortnum": 5,
	"pages": [
		{
			"type": "patchouli:spotlight",
			"item": "caupona:snail_bait",
			"link_recipe": true,
			"text": "Вы можете выдержать 1 кусок хлеба, 2 сахара или медовых сот, 2 грецких ореха и 500 мБ костного желатина (жидкости) в $(l:intro/counter_with_dolium)долии$(/l), чтобы получить приманку для улиток. Приманку можно разместить под листовым блоком, привлекая улиток через довольно долгий период."
		},
		{
			"type": "patchouli:spotlight",
			"item": "caupona:snail_block",
			"text": "Улитки вылупляются из яиц (кроме тех, что приманиваются приманками) и растут, потребляя по одному листовому блоку или фрукту на каждой стадии роста. Они ищут пищу в радиусе 3x3 блоков вокруг, при этом превращая некоторые листья в блоки улиточной слизи для поддержания себя. Улитки продолжают есть, когда достигают зрелости, чтобы откладывать новые яйца под ближайшими листьями или блоками слизи."
		},
		{
			"type": "image",
			"images": ["caupona:textures/gui/entries/snail.png"],
			"anchor": "snail",
			"title": "Растущие улитки"
		},
		{
			"type": "crafting",
			"recipe": "caupona:crafting/snail_roes",
			"text": "Вылупившиеся блоки улиток дают только предметы улиток, в то время как яйца дают икру улиток. Икра считается яйцами в кулинарии."
		},
		{
			"type": "patchouli:spotlight",
			"item": "caupona:snail",
			"text": "Улитки считаются ракообразными в кулинарии, несмотря на то, что на самом деле это наземные улитки."
		},
		{
			"type": "patchouli:spotlight",
			"item": "caupona:plump_snail",
			"text": "Улитка становится пухлой, если она потребила какие-либо фрукты во время своего роста. Пухлые улитки восстанавливают больше голода и дают более высокое насыщение."
		}
	]
}