{
	"name": "Тушеное блюдо",
	"icon": "caupona:acquacotta",
	"category": "caupona:intro",
	"sortnum": 0,
	"pages": [
		{
			"type": "text",
			"text": "Тушеные блюда и супы (неточно рассматриваемые здесь как синонимы и используемые взаимозаменяемо) — это горячие жидкие блюда. Тип супа может зависеть от его основы и ингредиентов. Все свойства тушеного блюда являются суммой его ингредиентов. Здесь одна миска тушеного блюда соответствует 250 мБ жидкости тушеного блюда."
		},
		{
			"type": "text",
			"text": "Тушеные блюда можно готовить из сырых ингредиентов, которые будут считаться эквивалентными их приготовленным аналогам. По сравнению с жареными блюдами, тушеные блюда дают большее насыщение, при этом требуют дополнительных жидких ингредиентов и занимают больше времени для приготовления."
		},
		{
			"type": "text",
			"text": "Для достаточно густых тушеных блюд часть восстанавливаемой ими сытости преобразуется в насыщение, что приводит к более высокому соотношению насыщения к сытости."
		},
		{
			"type": "text",
			"text": "Зелья также можно добавлять в тушеные блюда, и более одной бутылки одного и того же вида будут иметь суммированную длительность эффекта. Тушеное блюдо может содержать не более трех типов эффектов, и длиться не более чем вдвое дольше исходной продолжительности."
		},
		{
			"type": "text",
			"text": "Используйте Shift + правый щелчок, чтобы разместить тушеные блюда в мире."
		}
	]
}