{
	"name": "Специи",
	"icon": "caupona:chives_spice_jar",
	"category": "caupona:intro",
	"sortnum": 24,
	"pages": [
		{
			"type": "text",
			"text": "Специи можно добавлять к тушеным блюдам и жареным блюдам, когда они берутся из кастрюль или сковородок. Специи обычно дают еде эффект, длящийся короткий период. Приправленная пища теряет свой эффект от специй при повторном приготовлении. Специи содержатся в банках для специй (на самом деле цветочных горшках), а некоторые из них производятся путем отстаивания."
		},
		{
			"type": "crafting",
			"recipe": "caupona:crafting/sugar_spice_jar",
			"text": "Сахар обеспечивает Скорость."
		},
		{
			"type": "crafting",
			"recipe": "caupona:crafting/chives_spice_jar",
			"text": "Лук-резанец обеспечивает Медленное падение."
		},
		{
			"type": "spotlight",
			"item": "caupona:garum_spice_jar",
			"text": "Гарум делается из рыбы в долийях, давая Увеличение прыжка."
		},
		{
			"type": "spotlight",
			"item": "caupona:vinegar_spice_jar",
			"text": "Уксус делается из ягод или яблок в долийях, давая Ночное зрение."
		},
		{
			"type": "spotlight",
			"item": "caupona:sapa_spice_jar",
			"text": "Дефрутум не может быть произведен отдельно, но он встречается в пище, приготовленной с $(l:intro/lead_cookwares)свинцовой посудой$(/l), давая Гиперактивность. Этот эффект функционирует аналогично Силе, но удваивает получаемый вами урон."
		},
		{
			"type": "crafting",
			"recipe": "caupona:crafting/asafoetida_spice_jar",
			"text": "Асафетида в конечном итоге происходит от $(l:intro/vege#silphium)сильфия$(/l), обеспечивая Сопротивление."
		}
	]
}