{
	"name": "Котлы для тушения",
	"icon": "caupona:stew_pot",
	"category": "caupona:intro",
	"sortnum": 1,
	"pages": [
		{
			"type": "smelting",
			"recipe": "caupona:stew_pot",
			"text": "Котлы для тушения — это посуда для приготовления $(l:intro/soup)супов$(/l). Их следует размещать на источниках тепла, таких как $(l:intro/stove)печи$(/l) или $(l:worldgen/volcanic_fumarole)фумарольные вентиляционные отверстия$(/l)."
		},
		{
			"type": "text",
			"text": "В графическом интерфейсе кнопки слева запускают приготовление и переключают управление редстоуном соответственно. Средние слоты 3x3 предназначены для ингредиентов, а резервуар для жидкости — как для ввода базовой жидкости, так и для вывода тушеного блюда. Слот справа можно использовать для взаимодействия с мисками для ввода/вывода. Вы также можете взаимодействовать с жидкостями внутри котлов, щелкая правой кнопкой мыши с помощью контейнеров, и использовать Shift + правый щелчок пустой рукой, чтобы опустошить котел."
		},
		{
			"type": "text",
			"text": "Вы можете кипятить, варить, смешивать и концентрировать жидкости в котлах для тушения. При приготовлении слоты для ингредиентов блокируются, в то время как резервуар для жидкости будет заблокирован во время любой операции."
		},
		{
			"type": "text",
			"text": "Когда котел работает, он сначала пытается вскипятить жидкости. После закипания он начнет готовить, когда будут выполнены условия (см. ниже)."
		},
		{
			"type": "text",
			"text": "Приготовление доступно, когда жидкости больше одной миски и меньше 3 предметов на каждую ожидаемую миску супа внутри. Также не должно быть ничего, что нельзя приготовить. Приготовление приведет к испарению количества жидкости, равного одной миске (250 мБ)."
		},
		{
			"type": "text",
			"text": "Когда в котле есть какой-либо суп, вы можете добавить его соответствующую основу, независимо от того, кипяченая она или нет, чтобы разбавить его. Вы также можете добавить другой суп внутрь, чтобы смешать их. Разбавление или смешивание автоматически запустит операцию смешивания. Котлы для тушения также могут готовить без добавления ингредиентов, что будет операцией концентрации, во время которой суп будет концентрироваться за счет потери одного количества жидкости, равного одной миске."
		},
		{
			"type": "text",
			"text": "Вы можете добавлять зелья (в бутылках) во время приготовления любого тушеного блюда, но каждая миска тушеного блюда поддерживает только три различных эффекта и удвоенную продолжительность исходных эффектов."
		},
		{
			"type": "text",
			"text": "При включенном управлении редстоуном и подаче сигналов редстоуна котлы для тушения будут пытаться начать приготовление, что делает возможным полную автоматизацию процессов приготовления."
		}
	]
}