{
  "name": "Улучшения живой брони",
  "icon": "bloodmagic:upgradetome",
  "priority": true,
  "category": "bloodmagic:alchemy_array/living_equipment",
  "pages": [
    {
      "type": "text",
      "text": "Нося эту новую броню, вы чувствовали, как она развивается, пытаясь помочь вам с различными задачами, которые она видела, как вы выполняете. $(br2)Кажется, что он может работать в ряде областей, но его развитие ограничено, и попытки делать все сразу совершенно бесплодны."
    },
    {
      "type": "text",
      "text": "Возможно, несколько улучшених наборов могут быть хорошей идеей? Конечно, вам придется тщательно развивать их, если вы хотите получить больше, чем небольшое количество плохо направленных преимуществ. $(br2)К счастью, вы придумали $(l:rituals/ritual_list/ritual_upgrade_remove)ритуал$() который поможет в развитии, и $(l:rituals/ritual_list/ritual_armour_evolve)еще другой ритуал$() который наполнит вашу броню большей способностью к развитию."
    }
  ]
}
