{
  "name": "Ритуальные камни",
  "icon": "bloodmagic:waterritualstone",
  "category": "bloodmagic:rituals",
  "extra_recipe_mappings": {
    "bloodmagic:airritualstone": 0,
    "bloodmagic:fireritualstone": 0,
    "bloodmagic:waterritualstone": 0,
    "bloodmagic:earthritualstone": 0,
    "bloodmagic:duskritualstone": 0
  },
  "pages": [
    {
      "type": "text",
      "text": "$(item)Ритуальные камни$() это холст, на котором вы будете рисовать ваши $(item)ритуалы$(). Они также выглядят довольно изящно, и их можно вручную нарисовать с помощью различных $(l:bloodmagic:rituals/ritual_diviner)инструментов для надписи$(). $(br2)Обратите внимание, что раньше инструменты для надписей имели прочность, но теперь они вечны! Радуйтесь, вы можете украшать вашу базу с помощью $(fire)ритуальных камней огня$() сколько душе угодно."
    },
    {
      "type": "crafting",
      "recipe": "bloodmagic:ritual_stone_blank",
      "recipe2": "bloodmagic:ritual_stone_master"
    }
  ]
}
