{
  "name": "Ритуальный мастер",
  "icon": "bloodmagic:ritualtinkerer",
  "category": "bloodmagic:rituals",
  "priority": "true",
  "pages": [
    {
      "type": "text",
      "text": "$(item)Ритуальный мастер$() является важным инструментом для продвинутого кровавого мага, который ищет все, что может выжать из $(thing)ритуалов$(). Он имеет три основных режима, как описано ниже. Вы можете переключаться между ними, нажимая [$(k:sneak)] и [$(k:use)]."
    },
    {
      "type": "crafting",
      "recipe": "bloodmagic:ritual_reader"
    },
    {
      "type": "text",
      "text": "$(li)Информация: описывает функцию $(thing)ритуалов$(), похоже на $(l:bloodmagic:rituals/ritual_diviner)ритуальный предсказатель$(). $(li)Установить потребление воли: Сообщает какой тип $(raw)воли демона$() (если есть) будет использовать $(thing)ритуал$() из $(l:bloodmagic:demon_will/will_manipulation/aura)ауры$(). Настройте это, положив $(item)кристалы воли демона$() в панель быстрого доступа, по одному для каждого типа $(raw)воли$() которую будет потреблять $(thing)ритуал$(). Дополнительная информация о последствиях $(raw)воли демона$() в $(thing)ритуалах$() можно найти на странице соответствующего $(thing)ритуала$() в этой книге."
    },
    {
      "type": "text",
      "text": "$(li)Установка зоны: Определяет зону, в которой должен работать $(thing)ритуал$() и отображает текущую зону. Если можно указать несколько зон, нажмите [$(k:sneak)] и [$(k:use)] на $(item)главном ритуальном камне$() будет циклически проходя между ними. Некоторые $(thing)ритуалы$() могут быть расширены далеко за пределы их областей по умолчанию, но имейте в виду, что это увеличит количество потребляемой $(blood)LP$()..."
    }
  ]
}
