{
  "name": "Фильтр составных элементов",
  "icon": "bloodmagic:itemrouterfiltercomposite",
  "category": "bloodmagic:demon_will/item_routing",
  "pages":[
    {
      "type": "text",
      "text": "$(item)Фильтр составных элементов$() ничего не делает сам по себе, но в сочетании с другим типом $(item)фильтра$(), он позволяет вам применять к нему правила этого фильтра. $(br2)Это означает, что вы можете, например, использовать фильтр предметов чар 'любые зачарования' и фильтр элементов тегов 'forge:меч' чтобы пропускать только зачарованные мечи."
    },
    {
      "type": "text",
      "text": "Аналогично $(l:bloodmagic:demon_will/item_routing/standard_item_filter)стандартному предметному фильтру$(), у него есть отборка количества и функция разрешения/запрета. Если оставить количество пустым, по умолчанию будет указано 'все'. Другие кнопки появятся в графическом интерфейсе, когда вы объедините его с другими фильтрами."
    },
    {
      "type": "2x_crafting_alchemy_table",
      "a.heading": "Фильтр составных элементов",
      "a.recipe": "bloodmagic:alchemytable/composite_router_filter",
      "b.heading": "Добавка фильтра элементов тегов",
      "b.recipe": "bloodmagic:alchemytable/filter/composite_tag_filter"
    },
    {
      "type": "2x_crafting_alchemy_table",
      "a.heading": "Добавка фильтра предметов чар",
      "a.recipe": "bloodmagic:alchemytable/filter/composite_enchant_filter",
      "b.heading": "Добавка фильтра модовых элементов",
      "b.recipe": "bloodmagic:alchemytable/filter/composite_mod_filter"
    }
  ]
}
