{
  "name": "Фильтр предметов чар",
  "icon": "bloodmagic:itemrouterfilterenchant",
  "category": "bloodmagic:demon_will/item_routing",
  "pages":[
    {
      "type": "text",
      "text": "$(item)Фильтр предметов чар$() позволяет сортировать предметы по $(thing)зачарованиям$() которыми они могут (или не могут) обладать. Он действует аналогично $(l:bloodmagic:demon_will/item_routing/standard_item_filter)стандартному фильтру предметов$(), в отношении количества и функций разрешения/запрета, но с несколькими дополнительными кнопками."
    },
    {
      "type": "crafting_alchemy_table",
      "heading": "Стандартный фильтр предметов",
      "recipe": "bloodmagic:alchemytable/enchant_router_filter",
      "text": "Для этого рецепта подойдет любая зачарованная книга."
    },
    {
      "type": "image",
      "images": [
        "bloodmagic:images/entries/routing/enchant_item_filter_gui.png"
      ],
      "title": "Интерфейс фильтра предметов чар",
      "border": true,
      "text": "Обратите внимание на две новые кнопки справа от кнопки 'разрешить'."
    },
    {
      "type": "text",
      "text": "Первая кнопка позволяет выбрать, следует ли просматривать $(thing)каждое зачарование$() на зачарованном предмете, $(thing)любое зачарование$(), или $(thing)одно определенное зачарование$(). Вторая кнопка позволяет указать, обращать ли внимание на уровень чара или нет. (например 'Защита III' или 'Защита'). $(br)Если вы вставите $(thing)незачарованный предмет$() в фильтр, вы можете указать $(thing)какие именно чары$() будут вставленны в указанный инвентарь или удаленны из него."
    }
  ]
}
