{
  "name": "Фильтр модовых элементов",
  "icon": "bloodmagic:itemrouterfiltermoditems",
  "category": "bloodmagic:demon_will/item_routing",
  "pages":[
    {
      "type": "text",
      "text": "$(item)Фильтр модовых элементов$() позволяет выбрать до 9 предметов из разных модов. Аналогично со $(l:bloodmagic:demon_will/item_routing/standard_item_filter)стандартным фильтром предметов$(), у него есть отборщик количества и функция разрешения/запрета. Если оставить количество пустым, по умолчанию используется значение 'все'. $(br)Значение имеет предмет, который вы помещаете в фильтр, $(thing)любой предмет из того же мода$() будет соответствовать."
    },
    {
      "type": "crafting_alchemy_table",
      "heading": "Фильтр модовых элементов",
      "recipe": "bloodmagic:alchemytable/mod_router_filter",
      "text": "Это позволяет вам запрещать/разрешать целые массивы элементов. Удобен для сортировки предметов, например, из $(blood)Blood Magic$() в их собственный супер-особый сундук, по примеру или случайным образом."
    }
  ]
}
