{
  "name": "Стандартный фильтр предметов",
  "icon": "bloodmagic:itemrouterfilterexact",
  "category": "bloodmagic:demon_will/item_routing",
  "pages":[
    {
      "type": "text",
      "text": "Стандартный фильтр предметов позволяет выбрать до 9 предметов для извлечения из смежного инвентаря или вставки в него, когда он вставлен в $(l:bloodmagic:demon_will/item_routing/routing_nodes)узел маршрутизации$(). $(br)Каждый предмет настраивается по количеству - оставление этого поля пустым приведет к выбору всех предметов. $(br)Фильтр также имеет функции разрешить и запретить. В режиме запретить количество игнорируется."
    },
    {
      "type": "crafting_alchemy_table",
      "heading": "Стандартный фильтр предметов",
      "recipe": "bloodmagic:alchemytable/router_filter",
      "text": "$(br)При использовании в $(item)узле маршрутизации ввода$(), количество определяет, сколько предметов этого типа должно оставаться в выбранном инвентаре. Все, что превышает это количество, будет импортировано в сеть."
    },
    {
      "type": "text",
      "text": "При использовании в $(item)узле маршрутизации вывода$(), количество определяет, сколько предметов этого типа должно быть заполнено в выбранном инвентаре. Все, что превышает это количество, останется в сети - либо будет передано в другой допустимый инвентарь, либо останется там, где находится."
    },
    {
      "type": "image",
      "images": [
        "bloodmagic:images/entries/routing/standard_item_filter_gui.png",
        "bloodmagic:images/entries/routing/standard_item_filter_mouseover.png"
      ],
      "title": "Интерфейс",
      "border": true,
      "text": "Интерфейс и текст, появляющийся при наведении мыши на настроенный фильтр."
    }
  ]
}
