{
  "entries": [
    "brewing/brewing",
    "items/mutandis",
    "items/mutandis_extremis",
    "items/golden_chalk",
    "items/nether_chalk",
    "items/otherwhere_chalk",
    "items/drop_of_luck",
    "items/redstone_soup",
    "items/flying_ointment",
    "items/happenstance_oil",
    "items/mystic_unguent",
    "items/spirit_of_otherwhere",
    "items/soul_of_the_world",
    "items/brew_of_love",
    "items/brew_of_sprouting",
    "items/brew_of_the_depths",
    "items/brew_of_the_grotesque"
  ],
  "icon": {
    "count": 1,
    "id": "enchanted:redstone_soup"
  },
  "landing_text": "One of the most essential skills a witch can possess is the abilities and knowledge to create brews, potions and decoctions.\n\nThe methods of brewing and various common recipes can be found in this chapter.",
  "sort_num": 3,
  "title": "Brewing"
}