{
  "entries": [
    "blocks/witch_oven",
    "blocks/distillery",
    "items/clay_jar",
    "items/breath_of_the_goddess",
    "items/demonic_blood",
    "items/diamond_vapour",
    "items/ender_dew",
    "items/exhale_of_the_horned_one",
    "items/foul_fume",
    "items/gypsum",
    "items/hint_of_rebirth",
    "items/odour_of_purity",
    "items/oil_of_vitriol",
    "items/reek_of_misfortune",
    "items/refined_evil",
    "items/tear_of_the_goddess",
    "items/whiff_of_magic"
  ],
  "icon": {
    "count": 1,
    "id": "enchanted:witch_oven"
  },
  "landing_text": "Many resources used in witchcraft can only be obtained by extracting them from other materials.\n\nThis involves two processes; fume collection and distillation. Both of these are detailed in this chapter.",
  "sort_num": 1,
  "title": "Material Processing"
}