{
  "children": [
    "herbology/mutated_plants"
  ],
  "entries": [
    "blocks/belladonna",
    "blocks/water_artichoke",
    "blocks/mandrake",
    "blocks/snowbell",
    "blocks/wolfsbane",
    "blocks/garlic"
  ],
  "icon": {
    "count": 1,
    "id": "enchanted:wolfsbane_flower"
  },
  "landing_text": "Witchcraft often requires using various plants, some of which are common while others require mutations.\n\nThis chapter aims to tell you how to obtain these plants and what they do.",
  "sort_num": 2,
  "title": "Herbology"
}